Gene,Chromosome,Position,Variant Type,Variant Info,Ref Allele,Alt Allele,Allele Fraction,Ref Count,Alt Count,GT,Phasing Set,DNA Change,Protein Change,HGNC Name,HGNC Family,Uniprot ID,GC Content,CIViC ID,CIViC Description,CIViC Score,Likely LOF,Hess Driver,Hess Signature,Revel Score,DIDA ID,DIDA Name,GWAS Disease,GWAS PMID,Tumor Suppressor High Impact,Vep Biotype,LoF Gene Name,Gnomade AF,LoF Gene ID,VEP Swissprot,Dbsnp Rs ID,Polyphen,Vep Pli Gene Value,Vep LoF Tool,Gnomadg AF,Rescue,Vep Clin Sig,DP,Ensembl Feature ID,LoF Percent of Transcripts Affected,Transcript Likely LoF,Gtex Gene,Brca1 Func Score,Pharmgkb ID,Molecular Consequence,Vep Hgnc ID,Vep Existing Variation,Vep Mane Select,Sift,Vep ENSP,Ensembl Gene ID,Provean Prediction,NMD,Vep Somatic,LoF Number of Transcripts in Gene,Vep Impact,Oncogene High Impact,AM class,AM Pathogenicity,Hotspot,Intron,Exon,Rescue Reason
PNPLA8,chr7,108491412,SNV,stop_gained&splice_region_variant,T,A,0.538,27,31,0/1,,ENST00000257694.13:c.1681A>T,p.K561Ter,patatin like phospholipase domain containing 8,Patatin like phospholipase domain containing,Q9NP80-1,0.3965087281795510,,,,TRUE,FALSE,,,,,,,FALSE,protein_coding,PNPLA8,0.0,ENSG00000135241.17,Q9NP80.172,,,0.01,0.279,0.0,FALSE,,58,ENST00000257694,1.0,,,,,,HGNC:28900,,NM_001256007.3,,ENSP00000257694,ENSG00000135241,,(PNPLA8|ENSG00000135241.17|1|1.00),,1.0,HIGH,FALSE,,,FALSE,,8/11,
ITLN1,chr1,160880691,SNV,stop_gained,A,T,0.393,31,20,0/1,,ENST00000326245.4:c.582T>A,p.Y194Ter,intelectin 1,,,0.4364089775561100,,,,TRUE,FALSE,,,,,,,FALSE,protein_coding,ITLN1,0.0,ENSG00000179914.5,Q8WWA0.158,,,0.0,0.422,0.0,FALSE,,51,ENST00000326245,1.0,,,,,,HGNC:18259,COSV58276627,NM_017625.3,,ENSP00000323587,ENSG00000179914,,(ITLN1|ENSG00000179914.5|1|1.00),1,1.0,HIGH,FALSE,,,FALSE,,6/8,
USH2A,chr1,216196591,SNV,stop_gained,G,A,0.595,14,21,0/1,,ENST00000307340.8:c.4213C>T,p.Q1405Ter,usherin,Fibronectin type III domain containing USH2 complex,O75445-1,0.3566084788029930,,,,TRUE,FALSE,,,,,,,FALSE,protein_coding,USH2A,0.0,ENSG00000042781.14,O75445.192,,,0.0,0.924,0.0,FALSE,,35,ENST00000307340,1.0,,,,,,HGNC:12601,,NM_206933.4,,ENSP00000305941,ENSG00000042781,,(USH2A|ENSG00000042781.14|1|1.00),,1.0,HIGH,FALSE,,,FALSE,,19/72,
CAPRIN1,chr11,34086079,SNV,stop_gained,C,T,0.93,0,15,1|1,,ENST00000341394.9:c.982C>T,p.Q328Ter,cell cycle associated protein 1,,Q14444-1,0.4064837905236910,,,,TRUE,FALSE,,,,,,,FALSE,protein_coding,CAPRIN1,0.0,ENSG00000135387.21,Q14444.190,,,1.0,0.379,0.0,FALSE,,15,ENST00000341394,1.0,,,,,,HGNC:6743,,NM_005898.5,,ENSP00000340329,ENSG00000135387,,(CAPRIN1|ENSG00000135387.21|1|1.00),,1.0,HIGH,FALSE,,,FALSE,,10/19,
EED,chr11,86268469,SNV,stop_gained,C,T,0.487,18,19,0/1,,ENST00000263360.11:c.874C>T,p.Q292Ter,embryonic ectoderm development,Polycomb repressive complex 2 WD repeat domain containing,O75530-1,0.3441396508728180,,,,TRUE,FALSE,,,,,,,TRUE,protein_coding,EED,0.0,ENSG00000074266.22,O75530.194,,,1.0,,0.0,TRUE,,37,ENST00000263360,1.0,,,,,,HGNC:3188,COSV54559347,NM_003797.5,,ENSP00000263360,ENSG00000074266,,(EED|ENSG00000074266.22|1|1.00),1,1.0,HIGH,FALSE,,,FALSE,,9/12,TS_high_impact
CCDC9B,chr15,40338602,SNV,stop_gained,G,T,0.571,32,46,0/1,,ENST00000397536.7:c.446C>A,p.S149Ter,coiled-coil domain containing 9B,,Q6ZUT6-5,0.5910224438902740,,,,TRUE,FALSE,,,,,,,FALSE,protein_coding,CCDC9B,2.736E-06,ENSG00000188549.13,Q6ZUT6.125,,,,,0.0,FALSE,,78,ENST00000397536,1.0,,,,,,HGNC:33488,rs1391739952,NM_207380.3,,ENSP00000380670,ENSG00000188549,,(CCDC9B|ENSG00000188549.13|1|1.00),,1.0,HIGH,FALSE,,,FALSE,,5/11,
MUC16,chr19,8962015,SNV,stop_gained,C,A,0.544,30,40,0/1,,ENST00000711672.1:c.14875G>T,p.E4959Ter,"mucin 16, cell surface associated",Mucins,,0.4887780548628430,,,,TRUE,FALSE,,,,,,,FALSE,protein_coding,,0.0,,,,,,0.998,0.0,FALSE,,70,ENST00000711672,,,,,,,HGNC:15582,COSV67445351&COSV67480888,,,ENSP00000518832,ENSG00000181143,,,1&1,,HIGH,FALSE,,,FALSE,,6/88,
ZNF208,chr19,21973759,SNV,stop_gained,G,C,0.559,21,25,0|1,21973759.0,ENST00000397126.9:c.1275C>G,p.Y425Ter,zinc finger protein 208,Zinc fingers C2H2-type,O43345-1,0.3815461346633420,,,,TRUE,FALSE,,,,,,,FALSE,protein_coding,,0.0,,O43345.192,,,0.0,0.991,0.0,FALSE,,46,ENST00000397126,,,,,,,HGNC:12999,rs1970361150,NM_007153.3,,ENSP00000380315,ENSG00000160321,,,,,HIGH,FALSE,,,FALSE,,4/4,
KCMF1,chr2,84971464,SNV,stop_gained,G,T,0.287,29,11,0/1,,ENST00000409785.9:c.13G>T,p.E5Ter,potassium channel modulatory factor 1,Zinc fingers ZZ-type,,0.827930174563591,,,,TRUE,FALSE,,,,,,,FALSE,protein_coding,KCMF1,0.0,ENSG00000176407.18,Q9P0J7.167,,,0.6,,0.0,FALSE,,40,ENST00000409785,1.0,,,,,,HGNC:20589,,NM_020122.5,,ENSP00000386738,ENSG00000176407,,(KCMF1|ENSG00000176407.18|1|1.00),,1.0,HIGH,FALSE,,,FALSE,,1/7,
TUBA3D,chr2,131479352,SNV,stop_gained,C,T,0.606,13,20,0/1,,ENST00000321253.7:c.271C>T,p.Q91Ter,tubulin alpha 3d,Tubulins,,0.4837905236907730,,,,TRUE,FALSE,,,,,,,FALSE,protein_coding,TUBA3D,0.0,ENSG00000075886.11,P0DPH8.32,,,0.0,0.443,0.0,FALSE,,33,ENST00000321253,1.0,,,,,,HGNC:24071,,NM_080386.4,,ENSP00000326042,ENSG00000075886,,(TUBA3D|ENSG00000075886.11|1|1.00),,1.0,HIGH,FALSE,,,FALSE,,3/5,
ATRN,chr20,3583999,SNV,stop_gained,A,T,0.402,33,22,0/1,,ENST00000262919.10:c.2866A>T,p.K956Ter,attractin,C-type lectin domain containing,O75882-1,0.4987531172069830,,,,TRUE,FALSE,,,,,,,FALSE,protein_coding,ATRN,0.0,ENSG00000088812.18,O75882.215,,,1.0,0.303,0.0,FALSE,,55,ENST00000262919,1.0,,,,,,HGNC:885,,NM_139321.3,,ENSP00000262919,ENSG00000088812,,(ATRN|ENSG00000088812.18|1|1.00),,1.0,HIGH,FALSE,,,FALSE,,17/29,
ARFGEF1,chr8,67216649,SNV,stop_gained,G,A,0.632,13,24,0/1,,ENST00000262215.8:c.4627C>T,p.R1543Ter,ADP ribosylation factor guanine nucleotide exchange factor 1,,,0.3516209476309230,,,,TRUE,FALSE,,,,,,,FALSE,protein_coding,ARFGEF1,6.869E-07,ENSG00000066777.9,Q9Y6D6.200,,,1.0,0.444,0.0,FALSE,pathogenic,37,ENST00000262215,1.0,,,,,,HGNC:15772,rs749942462,NM_006421.5,,ENSP00000262215,ENSG00000066777,,(ARFGEF1|ENSG00000066777.9|1|1.00),,1.0,HIGH,FALSE,,,FALSE,,33/39,
SPATA22,chr17,3471678,deletion,splice_donor_variant&splice_donor_region_variant&intron_variant,GCA,G,0.567,28,34,0|1,3471677.0,ENST00000572969.6:c.-74+2_-74+3del,,spermatogenesis associated 22,,Q8NHS9-1,0.6318407960199010,,,,TRUE,FALSE,,,,,,,FALSE,protein_coding,SPATA22,0.0,ENSG00000141255.13,Q8NHS9.144,,,0.0,0.897,0.0,FALSE,,62,ENST00000572969,1.0,,,,,,HGNC:30705,,NM_001170698.2,,ENSP00000460187,ENSG00000141255,,,,1.0,HIGH,FALSE,,,FALSE,1/8,,
EPG5,chr18,45916003,deletion,splice_donor_variant&splice_donor_5th_base_variant&intron_variant,AATTAC,A,0.549,24,32,0|1,45915998.0,ENST00000282041.11:c.3582+1_3582+5del,,ectopic P-granules autophagy protein 5 homolog,,Q9HCE0-1,0.4469135802469140,,,,TRUE,FALSE,,,,,,,FALSE,protein_coding,EPG5,0.0,ENSG00000152223.16,Q9HCE0.140,,,0.0,,0.0,FALSE,,56,ENST00000282041,1.0,,,,,,HGNC:29331,,NM_020964.3,,ENSP00000282041,ENSG00000152223,,,,1.0,HIGH,FALSE,,,FALSE,19/43,,
JAKMIP3,chr10,132140569,deletion,splice_donor_variant&splice_donor_5th_base_variant&coding_sequence_variant&intron_variant,ACTTGGAGGAGGTAACGAGGGTCTCCTGCCGGGTCCTGGGCTTGGAGGAGGTAACGAGGGTCTCCTGCCGGGTCCTGGG,A,0.454,32,33,0|1,132140569.0,ENST00000684848.1:c.1473+35_1473+112del,,Janus kinase and microtubule interacting protein 3,,,0.6359832635983260,,,,TRUE,FALSE,,,,,,,FALSE,protein_coding,,0.0,,,,,0.05,0.691,0.0,FALSE,,65,ENST00000684848,,,,,,,HGNC:23523,,NM_001323087.2,,ENSP00000508932,ENSG00000188385,,,,,HIGH,FALSE,,,FALSE,10/23,10/24,
PDCD11,chr10,103406109,SNV,splice_donor_variant,G,A,0.533,24,23,0/1,,ENST00000369797.8:c.688+1G>A,,programmed cell death 11,Minor histocompatibility antigens,,0.4613466334164590,,,,TRUE,FALSE,,,,,,,FALSE,protein_coding,PDCD11,6.841E-06,ENSG00000148843.15,Q14690.206,,,0.47,0.682,0.0,FALSE,,47,ENST00000369797,1.0,,,,,,HGNC:13408,rs1172597040,NM_014976.2,,ENSP00000358812,ENSG00000148843,,,,1.0,HIGH,FALSE,,,FALSE,6/35,,
RAPGEF4,chr2,173027261,SNV,splice_donor_variant,T,A,0.538,25,29,0/1,,ENST00000397081.8:c.2558+2T>A,,Rap guanine nucleotide exchange factor 4,,Q8WZA2-1,0.3466334164588530,,,,TRUE,FALSE,,,,,,,FALSE,protein_coding,RAPGEF4,0.0,ENSG00000091428.18,Q8WZA2.181,,,0.96,0.583,0.0,FALSE,,54,ENST00000397081,1.0,,,,,,HGNC:16626,,NM_007023.4,,ENSP00000380271,ENSG00000091428,,,,1.0,HIGH,FALSE,,,FALSE,25/30,,
ALAS2,chrX,55017484,SNV,splice_donor_variant,A,T,0.234,24,6,0/1,,ENST00000650242.1:c.1003+2T>A,,5'-aminolevulinate synthase 2,,P22557-1,0.3665835411471320,,,,TRUE,FALSE,,,,,,,FALSE,protein_coding,ALAS2,0.0,ENSG00000158578.21,P22557.224,,,0.97,,0.0,FALSE,,30,ENST00000650242,1.0,,,,,,HGNC:397,,NM_000032.5,,ENSP00000497236,ENSG00000158578,,,,1.0,HIGH,FALSE,,,FALSE,7/10,,
IL3,chr5,132060867,deletion,splice_acceptor_variant&splice_donor_variant&splice_donor_5th_base_variant&coding_sequence_variant&intron_variant,TGGTGAGTAGCTTGGATAAGACTGGCCTGCAGCAGTGAGGGGTGGTGGCTGCCTAAGGCCAAAAGGCCTCATGGGCCTTTCTCTCCCTTCACCCCCACA,T,0.196,82,38,0/1,,ENST00000296870.3:c.162+2_163del,,interleukin 3,Interleukins,,0.5220883534136550,,,,TRUE,FALSE,,,,,,,FALSE,protein_coding,IL3,0.0,ENSG00000164399.5,P08700.210,,,0.0,0.781,0.0,TRUE,,120,ENST00000296870,1.0,,,,,,HGNC:6011,,NM_000588.4,,ENSP00000296870,ENSG00000164399,,,,1.0,HIGH,TRUE,,,FALSE,1/4,1/5,Oncogene_high_impact
CEPT1,chr1,111184190,SNV,splice_acceptor_variant,G,T,0.383,30,19,0/1,,ENST00000357172.9:c.1132-1G>T,,choline/ethanolamine phosphotransferase 1,,,0.3815461346633420,,,,TRUE,FALSE,,,,,,,FALSE,protein_coding,CEPT1,0.0,ENSG00000134255.16,Q9Y6K0.176,,,0.95,0.148,0.0,FALSE,,49,ENST00000357172,1.0,,,,,,HGNC:24289,,NM_006090.5,,ENSP00000349696,ENSG00000134255,,,,1.0,HIGH,FALSE,,,FALSE,8/8,,
IL24,chr1,206902974,SNV,splice_acceptor_variant,A,G,0.498,24,22,0/1,,ENST00000294984.7:c.538-2A>G,,interleukin 24,Interleukins,Q13007-1,0.5037406483790520,,,,TRUE,FALSE,,,,,,,FALSE,protein_coding,IL24,0.0,ENSG00000162892.16,Q13007.210,,,0.0,0.564,0.0,FALSE,,46,ENST00000294984,1.0,,,,,,HGNC:11346,,NM_006850.3,,ENSP00000294984,ENSG00000162892,,,,1.0,HIGH,FALSE,,,FALSE,6/6,,
CCDC40,chr17,80039811,SNV,splice_acceptor_variant,G,A,0.42,28,21,0/1,,ENST00000397545.9:c.94-1G>A,,coiled-coil domain containing 40,,Q4G0X9-1,0.4663341645885290,,,,TRUE,FALSE,,,,,,,FALSE,protein_coding,CCDC40,0.0,ENSG00000141519.15,Q4G0X9.150,,,0.0,0.844,0.0,FALSE,,49,ENST00000397545,1.0,,,,,,HGNC:26090,,NM_017950.4,,ENSP00000380679,ENSG00000141519,,,,1.0,HIGH,FALSE,,,FALSE,2/19,,
TRIM37,chr17,59104294,SNV,missense_variant&splice_region_variant,C,T,0.551,22,27,0/1,,ENST00000262294.12:c.122G>A,p.R41K,tripartite motif containing 37,Tripartite motif containing Ring finger proteins,O94972-1,0.3665835411471320,,,,FALSE,FALSE,,0.14,,,,,FALSE,protein_coding,,0.0,,O94972.206,,benign(0.093),0.17,0.884,0.0,FALSE,,49,ENST00000262294,,,,,,,HGNC:7523,,NM_015294.6,deleterious_low_confidence(0),ENSP00000262294,ENSG00000108395,Neutral,,,,MODERATE,FALSE,likely_pathogenic,0.9296,FALSE,,2/24,
ADSL,chr22,40361488,SNV,missense_variant&splice_region_variant,G,C,0.294,78,34,0/1,,ENST00000623063.3:c.863G>C,p.G288A,adenylosuccinate lyase,Purinosome,P30566-1,0.5261845386533670,,,,FALSE,FALSE,,0.944,,,,,FALSE,protein_coding,,8.209E-06,,P30566.230,,probably_damaging(1),0.0,0.183,6.57E-06,FALSE,uncertain_significance,112,ENST00000623063,,ENST00000623063;ENST00000342312;ENST00000636714;ENST00000216194;ENST00000623978;ENST00000636265;ENST00000637666;,,,,"SO:0001583|missense_variant,SO:0001619|non-coding_transcript_variant",HGNC:291,rs776328750,NM_000026.4,deleterious_low_confidence(0.01),ENSP00000485525,ENSG00000239900,Damaging,,,,MODERATE,FALSE,likely_pathogenic,0.9804,FALSE,,9/13,
MSRA,chr8,10054656,SNV,missense_variant&splice_region_variant,C,A,0.502,30,29,0/1,,ENST00000317173.9:c.140C>A,p.A47E,methionine sulfoxide reductase A,,Q9UJ68-1,0.7331670822942640,,,,FALSE,FALSE,,0.23,,,,,FALSE,protein_coding,,0.0,,Q9UJ68.177,,,0.0,0.169,0.0,FALSE,,59,ENST00000317173,,,,,,,HGNC:7377,,NM_012331.5,tolerated_low_confidence(0.07),ENSP00000313921,ENSG00000175806,Neutral,,,,MODERATE,FALSE,likely_benign,0.2114,FALSE,,1/6,
HES5,chr1,2529605,SNV,missense_variant,G,A,0.393,32,19,0/1,,ENST00000378453.4:c.365C>T,p.P122L,hes family bHLH transcription factor 5,Basic helix-loop-helix proteins,,0.7880299251870320,,,,FALSE,FALSE,,0.104,,,,,FALSE,protein_coding,,0.0,,Q5TA89.144,,benign(0.147),0.53,,6.767E-06,FALSE,,51,ENST00000378453,,,,,,,HGNC:19764,rs1208848205,NM_001010926.4,tolerated(0.2),ENSP00000367714,ENSG00000197921,Neutral,,,,MODERATE,FALSE,likely_benign,0.1344,FALSE,,3/3,
VPS13D,chr1,12403924,SNV,missense_variant,A,T,0.557,26,35,0/1,,ENST00000620676.6:c.11981A>T,p.Q3994L,vacuolar protein sorting 13 homolog D,,Q5THJ4-1,0.3366583541147130,,,,FALSE,FALSE,,0.405,,,,,FALSE,protein_coding,,0.0,,Q5THJ4.149,,benign(0.038),1.0,0.655,0.0,FALSE,,61,ENST00000620676,,,,,,,HGNC:23595,,NM_015378.4,deleterious_low_confidence(0.01),ENSP00000478104,ENSG00000048707,,,,,MODERATE,FALSE,likely_benign,0.2945,FALSE,,63/70,
HPCA,chr1,32888971,SNV,missense_variant,C,A,0.535,21,22,0/1,,ENST00000373467.4:c.73C>A,p.L25M,hippocalcin,EF-hand domain containing,,0.5810473815461350,,,,FALSE,FALSE,,0.048,,,,,FALSE,protein_coding,,0.0,,P84074.153,,,0.43,0.15,0.0,FALSE,,43,ENST00000373467,,,,,,,HGNC:5144,,NM_002143.3,tolerated_low_confidence(0.09),ENSP00000362566,ENSG00000121905,Neutral,,,,MODERATE,FALSE,likely_benign,0.0705,FALSE,,2/4,
C1orf94,chr1,34197485,SNV,missense_variant,T,C,0.51,25,24,0/1,,ENST00000488417.2:c.581T>C,p.I194T,chromosome 1 open reading frame 94,,Q6P1W5-1,0.57356608478803,,,,FALSE,FALSE,,0.014,,,,,FALSE,protein_coding,,6.841E-07,,Q6P1W5.146,,benign(0.003),0.0,0.848,0.0,FALSE,,49,ENST00000488417,,,,,,,HGNC:28250,rs749221154,NM_001134734.2,tolerated(0.17),ENSP00000435634,ENSG00000142698,Neutral,,,,MODERATE,FALSE,likely_benign,0.1909,FALSE,,2/7,
PTPRF,chr1,43606827,SNV,missense_variant,C,G,0.535,25,30,0/1,,ENST00000359947.9:c.3716C>G,p.S1239C,"protein tyrosine phosphatase, receptor type F","Fibronectin type III domain containing I-set domain containing Protein tyrosine phosphatases, receptor type",P10586-1,0.6234413965087280,,,,FALSE,FALSE,,0.041,,,,,FALSE,protein_coding,,0.0,,P10586.250,,benign(0.236),1.0,0.33,0.0,FALSE,,55,ENST00000359947,,,,,,,HGNC:9670,COSV100740888&COSV100741297,NM_002840.5,tolerated_low_confidence(0.07),ENSP00000353030,ENSG00000142949,Neutral,,1&1,,MODERATE,FALSE,likely_benign,0.0684,FALSE,,21/34,
GIPC2,chr1,78080819,SNV,missense_variant,C,A,0.353,23,14,0/1,,ENST00000370759.4:c.385C>A,p.L129I,GIPC PDZ domain containing family member 2,PDZ domain containing,,0.3466334164588530,,,,FALSE,FALSE,,0.171,,,,,FALSE,protein_coding,,0.0,,Q8TF65.145,,benign(0.267),0.0,0.563,0.0,FALSE,,37,ENST00000370759,,,,,,,HGNC:18177,,NM_017655.6,deleterious(0.02),ENSP00000359795,ENSG00000137960,Neutral,,,,MODERATE,FALSE,likely_benign,0.0846,FALSE,,2/6,
HIPK1,chr1,113970140,SNV,missense_variant,A,G,0.54,22,27,0/1,,ENST00000426820.7:c.2956A>G,p.I986V,homeodomain interacting protein kinase 1,,Q86Z02-1,0.4588528678304240,,,,FALSE,FALSE,,0.208,,,,,FALSE,protein_coding,,4.788E-06,,Q86Z02.181,,possibly_damaging(0.569),1.0,0.0177,0.0,FALSE,,49,ENST00000426820,,,,,,,HGNC:19006,rs1672725653,NM_198268.3,deleterious_low_confidence(0),ENSP00000407442,ENSG00000163349,Neutral,,,,MODERATE,FALSE,likely_benign,0.1403,FALSE,,14/16,
SPAG17,chr1,117991464,SNV,missense_variant,C,T,0.622,13,25,0/1,,ENST00000336338.10:c.5426G>A,p.R1809K,sperm associated antigen 17,,,0.341645885286783,,,,FALSE,FALSE,,0.179,,,,,FALSE,protein_coding,,0.0,,Q6Q759.141,,probably_damaging(0.972),0.0,0.981,0.0,FALSE,,38,ENST00000336338,,,,,,,HGNC:26620,rs774140615,NM_206996.4,deleterious(0),ENSP00000337804,ENSG00000155761,Damaging,,,,MODERATE,FALSE,likely_pathogenic,0.7912,FALSE,,37/49,
H2BC21,chr1,149886346,SNV,missense_variant,C,A,0.364,39,21,0/1,,ENST00000369155.4:c.295G>T,p.V99L,,,,0.6109725685785540,,,,FALSE,FALSE,,0.233,,,,,FALSE,protein_coding,,0.0,,Q16778.216,,benign(0.006),,,0.0,FALSE,,60,ENST00000369155,,,,,,,HGNC:4760,,NM_003528.3,deleterious_low_confidence(0),ENSP00000358151,ENSG00000184678,Neutral,,,,MODERATE,FALSE,likely_pathogenic,0.9907,FALSE,,1/1,
ASH1L,chr1,155479946,SNV,missense_variant,T,C,0.443,30,25,0/1,,ENST00000392403.8:c.2924A>G,p.N975S,ASH1 like histone lysine methyltransferase,PHD finger proteins SET domain containing Lysine methyltransferases Bromodomain containing,Q9NR48-2,0.3790523690773070,,,,FALSE,FALSE,,0.382,,,,,FALSE,protein_coding,,6.843E-07,,Q9NR48.185,,probably_damaging(0.955),1.0,0.00737,0.0,FALSE,,55,ENST00000392403,,,,,,,HGNC:19088,rs1279458646,NM_018489.3,deleterious_low_confidence(0),ENSP00000376204,ENSG00000116539,Neutral,,,,MODERATE,FALSE,likely_benign,0.1162,FALSE,,3/28,
KCNT2,chr1,196342098,SNV,missense_variant,A,C,0.474,19,17,0/1,,ENST00000294725.14:c.1534T>G,p.S512A,potassium sodium-activated channel subfamily T member 2,Potassium sodium-activated channel subfamily T ,Q6UVM3-1,0.3690773067331670,,,,FALSE,FALSE,,0.061,,,,,FALSE,protein_coding,,0.0,,Q6UVM3.164,,benign(0.072),0.67,,0.0,FALSE,,36,ENST00000294725,,,,,,,HGNC:18866,,NM_198503.5,tolerated_low_confidence(0.16),ENSP00000294725,ENSG00000162687,Neutral,,,,MODERATE,FALSE,likely_benign,0.1471,FALSE,,15/28,
CFH,chr1,196737503,SNV,missense_variant,G,T,0.596,20,28,0/1,,ENST00000367429.9:c.2625G>T,p.Q875H,complement factor H,Sushi domain containing Complement system,,0.3017456359102240,,,,FALSE,FALSE,,0.083,,,,,FALSE,protein_coding,,0.0,,P08603.251,,benign(0),1.0,0.358,0.0,FALSE,,48,ENST00000367429,,,,,,,HGNC:4883,COSV66408827,NM_000186.4,tolerated(0.72),ENSP00000356399,ENSG00000000971,Neutral,,1,,MODERATE,FALSE,likely_benign,0.101,FALSE,,17/22,
PPFIA4,chr1,203056393,SNV,missense_variant,G,A,0.563,28,39,0/1,,ENST00000295706.9:c.2125G>A,p.E709K,PTPRF interacting protein alpha 4,Sterile alpha motif domain containing,,0.5960099750623440,,,,FALSE,FALSE,,0.134,,,,,FALSE,protein_coding,,0.0,,,,benign(0.026),0.0,0.698,0.0,FALSE,,67,ENST00000295706,,,,,,,HGNC:9248,,NM_001304331.2,deleterious_low_confidence(0.02),ENSP00000295706,ENSG00000143847,Neutral,,,,MODERATE,FALSE,,,FALSE,,18/30,
CEP170P1,chr1,243225240,SNV,missense_variant,G,C,0.586,17,23,0/1,,ENST00000366542.6:c.41C>G,p.T14S,centrosomal protein 170,,Q5SW79-1,0.3640897755610970,,,,FALSE,FALSE,,0.276,,,,,FALSE,protein_coding,,0.0,,Q5SW79.167,,possibly_damaging(0.515),,0.871,0.0,FALSE,,40,ENST00000366542,,,,,,,HGNC:28920,,NM_014812.3,deleterious_low_confidence(0),ENSP00000355500,ENSG00000143702,Damaging,,,,MODERATE,FALSE,likely_benign,0.3342,FALSE,,2/20,
CATSPERE,chr1,244572341,SNV,missense_variant,G,T,0.563,24,31,0/1,,ENST00000366534.9:c.1519G>T,p.D507Y,catsper channel auxiliary subunit epsilon,,Q5SY80-1,0.314214463840399,,,,FALSE,FALSE,,0.048,,,,,FALSE,protein_coding,,0.0,,Q5SY80.136,,benign(0.087),,,0.0,FALSE,,55,ENST00000366534,,,,,,,HGNC:28491,,NM_001130957.2,deleterious(0),ENSP00000355492,ENSG00000179397,Damaging,,,,MODERATE,FALSE,likely_benign,0.1337,FALSE,,11/22,
CACNB2,chr10,18539404,SNV,missense_variant,T,C,0.5,15,16,0/1,,ENST00000324631.13:c.1663T>C,p.F555L,calcium voltage-gated channel auxiliary subunit beta 2,Membrane associated guanylate kinases Calcium voltage-gated channel auxiliary beta subunits,Q08289-1,0.5785536159601000,,,,FALSE,FALSE,,0.089,,,,,FALSE,protein_coding,,7.525E-06,,Q08289.217,1589778402.0,benign(0.001),0.0,0.0128,0.0,FALSE,uncertain_significance,31,ENST00000324631,,,,,,SO:0001583|missense_variant,HGNC:1402,rs1589778402,NM_201596.3,tolerated_low_confidence(0.4),ENSP00000320025,ENSG00000165995,Neutral,,,,MODERATE,FALSE,likely_benign,0.3147,FALSE,,14/14,
MYO3A,chr10,25997180,SNV,missense_variant,A,T,0.452,23,18,0/1,,ENST00000642920.2:c.430A>T,p.N144Y,myosin IIIA,"Myosins, class III Deafness associated genes",Q8NEV4-1,0.3042394014962590,,,,FALSE,FALSE,,0.475,,,,,FALSE,protein_coding,,0.0,,Q8NEV4.186,,probably_damaging(0.991),0.0,0.265,0.0,FALSE,,41,ENST00000642920,,,,,,,HGNC:7601,,NM_017433.5,deleterious_low_confidence(0),ENSP00000495965,ENSG00000095777,Damaging,,,,MODERATE,FALSE,likely_benign,0.1885,FALSE,,6/35,
SLC16A9,chr10,59653806,SNV,missense_variant,A,C,0.56,22,30,0/1,,ENST00000395348.8:c.1220T>G,p.F407C,solute carrier family 16 member 9,Solute carriers,,0.3965087281795510,,,,FALSE,FALSE,,0.644,,,,,FALSE,protein_coding,,0.0,,Q7RTY1.151,,probably_damaging(1),0.64,0.458,0.0,FALSE,,52,ENST00000395348,,,,,,,HGNC:23520,,NM_194298.3,deleterious(0),ENSP00000378757,ENSG00000165449,Damaging,,,,MODERATE,FALSE,ambiguous,0.4322,FALSE,,5/6,
RTKN2,chr10,62217144,SNV,missense_variant,G,C,0.5,17,16,0/1,,ENST00000373789.8:c.994C>G,p.P332A,rhotekin 2,Pleckstrin homology domain containing,Q8IZC4-1,0.286783042394015,,,,FALSE,FALSE,,0.768,,,,,FALSE,protein_coding,,0.0,,Q8IZC4.172,,probably_damaging(0.999),0.0,0.909,0.0,FALSE,,33,ENST00000373789,,ENST00000315289;ENST00000373789;,,,,,HGNC:19364,COSV59523771,NM_145307.4,deleterious(0.01),ENSP00000362894,ENSG00000182010,Damaging,,1,,MODERATE,FALSE,likely_benign,0.1118,FALSE,,9/12,
CHUK,chr10,100222134,SNV,missense_variant,T,C,0.5,22,22,0/1,,ENST00000370397.8:c.363A>G,p.I121M,conserved helix-loop-helix ubiquitous kinase,,,0.2917705735660850,,,,FALSE,FALSE,,0.433,,,,,FALSE,protein_coding,,0.0,,O15111.238,,possibly_damaging(0.632),1.0,0.345,0.0,FALSE,,44,ENST00000370397,,,,,,,HGNC:1974,,NM_001278.5,deleterious(0),ENSP00000359424,ENSG00000213341,Neutral,,,,MODERATE,FALSE,ambiguous,0.3975,FALSE,,4/21,
OR4C15,chr11,55554673,SNV,missense_variant,G,C,0.522,22,23,0/1,,ENST00000642128.1:c.205G>C,p.D69H,olfactory receptor family 4 subfamily C member 15,"Olfactory receptors, family 4",,0.4438902743142140,,,,FALSE,FALSE,,0.268,,,,,FALSE,protein_coding,,0.0,,Q8NGM1.152,,benign(0.228),0.0,0.885,0.0,FALSE,,45,ENST00000642128,,,,,,,HGNC:15171,COSV104632423,NM_001001920.3,deleterious_low_confidence(0.01),ENSP00000493126,ENSG00000181939,Damaging,,1,,MODERATE,FALSE,ambiguous,0.431,FALSE,,1/1,
OR5D14,chr11,55795874,SNV,missense_variant,T,C,0.509,21,21,0/1,,ENST00000335605.1:c.319T>C,p.C107R,olfactory receptor family 5 subfamily D member 14,"Olfactory receptors, family 5",,0.4638403990024940,,,,FALSE,FALSE,,0.214,,,,,FALSE,protein_coding,,0.0,,Q8NGL3.148,,benign(0.117),0.0,0.905,0.0,FALSE,,42,ENST00000335605,,,,,,,HGNC:15281,COSV100161996,NM_001004735.1,deleterious_low_confidence(0),ENSP00000334456,ENSG00000186113,Damaging,,1,,MODERATE,FALSE,ambiguous,0.3684,FALSE,,1/1,
PHLDB1,chr11,118645415,SNV,missense_variant,G,A,0.644,23,46,0/1,,ENST00000600882.6:c.3181G>A,p.A1061T,pleckstrin homology like domain family B member 1,Pleckstrin homology domain containing,Q86UU1-1,0.6334164588528680,,,,FALSE,FALSE,,0.098,,,,,FALSE,protein_coding,,0.0,,Q86UU1.161,,benign(0.255),0.82,0.65,0.0,FALSE,,69,ENST00000600882,,,,,,,HGNC:23697,,NM_001144758.3,deleterious_low_confidence(0),ENSP00000469820,ENSG00000019144,Neutral,,,,MODERATE,FALSE,likely_benign,0.1161,FALSE,,16/23,
VWF,chr12,6110944,SNV,missense_variant,A,T,0.443,34,28,0|1,6110937.0,ENST00000261405.10:c.245T>A,p.V82E,von Willebrand factor,Endogenous ligands,P04275-1,0.4189526184538650,,,,FALSE,FALSE,,0.253,,,,,FALSE,protein_coding,,0.0,,P04275.270,,possibly_damaging(0.593),0.0,0.0306,6.575E-06,FALSE,,62,ENST00000261405,,,,,,,HGNC:12726,rs1233127757,NM_000552.5,deleterious(0.03),ENSP00000261405,ENSG00000110799,Neutral,,,,MODERATE,FALSE,likely_benign,0.1069,FALSE,,4/52,
SCNN1A,chr12,6363586,substitution,missense_variant,GC,AA,0.516,30,34,0/1,,ENST00000228916.7:c.540_541delinsTT,p.R181W,sodium channel epithelial 1 alpha subunit,Sodium channels epithelial,P37088-1,0.6990049751243780,,,,FALSE,FALSE,,,,,,,FALSE,protein_coding,,0.0,,P37088.226,876657425.0,,0.0,0.952,0.0,FALSE,benign&likely_benign,64,ENST00000228916,,,,,,SO:0001583|missense_variant,HGNC:10599,rs876657425,NM_001038.6,,ENSP00000228916,ENSG00000111319,,,,,MODERATE,FALSE,,,FALSE,,3/13,
CD4,chr12,6816346,SNV,missense_variant,G,A,0.576,20,28,0/1,,ENST00000011653.9:c.898G>A,p.A300T,CD4 molecule,C2-set domain containing CD molecules V-set domain containing,,0.6184538653366580,,,,FALSE,FALSE,,0.049,,,,,FALSE,protein_coding,,6.841E-07,,P01730.250,,benign(0.006),0.0,0.837,0.0,FALSE,,48,ENST00000011653,,,,,,,HGNC:1678,rs1555117945,NM_000616.5,tolerated(1),ENSP00000011653,ENSG00000010610,Neutral,,,,MODERATE,FALSE,likely_benign,0.0725,FALSE,,6/10,
HOXC11,chr12,53973446,SNV,missense_variant,C,T,0.572,23,33,0/1,,ENST00000546378.1:c.205C>T,p.P69S,homeobox C11,HOXL subclass homeoboxes,,0.6433915211970080,,,,FALSE,FALSE,,0.33,,,,,FALSE,protein_coding,,0.0,,O43248.197,,possibly_damaging(0.796),0.08,,0.0,FALSE,,56,ENST00000546378,,,,,,,HGNC:5123,,NM_014212.4,tolerated(0.16),ENSP00000446680,ENSG00000123388,Damaging,,,,MODERATE,FALSE,likely_benign,0.0734,FALSE,,1/2,
PTPRQ,chr12,80613672,SNV,missense_variant,C,A,0.568,15,20,0/1,,ENST00000644991.3:c.4999C>A,p.P1667T,"protein tyrosine phosphatase, receptor type Q","Fibronectin type III domain containing Deafness associated genes Protein tyrosine phosphatases, receptor type",,0.3241895261845390,,,,FALSE,FALSE,,0.403,,,,,FALSE,protein_coding,,0.0,,,,probably_damaging(0.999),,,0.0,FALSE,,35,ENST00000644991,,,,,,,HGNC:9679,,NM_001145026.2,deleterious(0),ENSP00000495607,ENSG00000139304,,,,,MODERATE,FALSE,,,FALSE,,29/45,
MED13L,chr12,116019292,SNV,missense_variant,C,T,0.372,27,18,0/1,,ENST00000281928.9:c.941G>A,p.S314N,mediator complex subunit 13 like,Mediator complex,,0.4663341645885290,,,,FALSE,FALSE,,0.167,,,,,FALSE,protein_coding,,6.841E-07,,Q71F56.159,,unknown(0),1.0,0.0362,0.0,FALSE,,45,ENST00000281928,,,,,,,HGNC:22962,rs970819884,NM_015335.5,tolerated(0.06),ENSP00000281928,ENSG00000123066,Neutral,,,,MODERATE,FALSE,likely_benign,0.0796,FALSE,,7/31,
GLT1D1,chr12,128927147,SNV,missense_variant,G,T,0.553,20,28,0/1,,ENST00000442111.7:c.608G>T,p.G203V,glycosyltransferase 1 domain containing 1,Glycosyl transferases group 1 domain containing,Q96MS3-1,0.3765586034912720,,,,FALSE,FALSE,,0.822,,,,,FALSE,protein_coding,,7.232E-07,,Q96MS3.137,,probably_damaging(0.996),0.0,0.547,0.0,FALSE,,48,ENST00000442111,,ENST00000442111;ENST00000537468;,,,,,HGNC:26483,rs1432872300,NM_001366886.1,deleterious(0),ENSP00000394692,ENSG00000151948,Damaging,,,,MODERATE,FALSE,likely_pathogenic,0.934,FALSE,,8/12,
FRY,chr13,31945983,SNV,missense_variant,G,T,0.553,17,21,0/1,,ENST00000647500.1:c.7G>T,p.V3F,FRY microtubule binding protein,,,0.4488778054862840,,,,FALSE,FALSE,,,,,,,FALSE,protein_coding,,0.0,,,,benign(0.017),1.0,0.401,0.0,FALSE,,38,ENST00000647500,,,,,,,HGNC:20367,rs1870393857,,tolerated_low_confidence(0.14),ENSP00000494761,ENSG00000073910,,,,,MODERATE,FALSE,,,FALSE,,1/61,
AKAP11,chr13,42303181,SNV,missense_variant,G,T,0.386,26,16,0/1,,ENST00000025301.4:c.4435G>T,p.G1479C,A-kinase anchoring protein 11,A-kinase anchoring proteins Protein phosphatase 1 regulatory subunits,,0.3865336658354120,,,,FALSE,FALSE,,0.044,,,,,FALSE,protein_coding,,8.893E-06,,Q9UKA4.186,,benign(0.066),0.9,0.444,6.574E-06,FALSE,,42,ENST00000025301,,,,,,,HGNC:369,rs758158855,NM_016248.4,tolerated(0.33),ENSP00000025301,ENSG00000023516,Damaging,,,,MODERATE,FALSE,likely_benign,0.1079,FALSE,,8/13,
CBY2,chr13,45714293,SNV,missense_variant,G,T,0.526,17,23,0/1,,ENST00000310521.6:c.1268G>T,p.R423L,,,Q8NA61-1,0.6109725685785540,,,,FALSE,FALSE,,0.26,,,,,FALSE,protein_coding,,1.369E-06,,Q8NA61.155,,probably_damaging(0.99),,,0.0,FALSE,,40,ENST00000310521,,,,,,,HGNC:30720,rs759482874&COSV60119002,NM_152719.3,tolerated(0.06),ENSP00000309189,ENSG00000174015,Damaging,,0&1,,MODERATE,FALSE,likely_pathogenic,0.6332,FALSE,,3/3,
LRCH1,chr13,46715649,SNV,missense_variant,G,A,0.556,18,23,0/1,,ENST00000389797.8:c.1744G>A,p.G582R,leucine rich repeats and calponin homology domain containing 1,,Q9Y2L9-3,0.4613466334164590,,,,FALSE,FALSE,,0.259,,,,,FALSE,protein_coding,,0.0,,Q9Y2L9.186,,possibly_damaging(0.48),0.98,0.161,0.0,FALSE,,41,ENST00000389797,,,,,,,HGNC:20309,,NM_001164211.2,deleterious(0.02),ENSP00000374447,ENSG00000136141,Neutral,,,,MODERATE,FALSE,,,FALSE,,16/20,
DIS3,chr13,72775330,SNV,missense_variant,C,T,0.548,18,23,0/1,,ENST00000377767.9:c.868G>A,p.D290N,"DIS3 homolog, exosome endoribonuclease and 3'-5' exoribonuclease",Exosome complex,Q9Y2L1-1,0.3516209476309230,,,,FALSE,FALSE,,0.596,,,,,FALSE,protein_coding,,0.0,,Q9Y2L1.222,,probably_damaging(0.998),0.0,0.962,6.571E-06,FALSE,,41,ENST00000377767,,,,,,,HGNC:20604,rs2033986421&COSV100899824,NM_014953.5,deleterious(0),ENSP00000366997,ENSG00000083520,Damaging,,0&1,,MODERATE,FALSE,likely_pathogenic,0.9833,FALSE,,6/21,
ACOD1,chr13,76957675,SNV,missense_variant,C,A,0.423,29,20,0/1,,ENST00000377462.6:c.1136C>A,p.P379Q,aconitate decarboxylase 1,,,0.4962593516209480,,,,FALSE,FALSE,,0.232,,,,,FALSE,protein_coding,,0.0,,A6NK06.110,,probably_damaging(0.936),,,0.0,FALSE,,49,ENST00000377462,,,,,,,HGNC:33904,,NM_001258406.2,deleterious(0),ENSP00000366682,ENSG00000102794,Neutral,,,,MODERATE,FALSE,likely_benign,0.2215,FALSE,,5/5,
NALF1,chr13,107865848,SNV,missense_variant,A,G,0.449,22,18,0/1,,ENST00000375915.4:c.749T>C,p.V250A,family with sequence similarity 155 member A,,,0.5536159600997510,,,,FALSE,FALSE,,0.062,,,,,FALSE,protein_coding,,0.0,,B1AL88.110,,benign(0.062),,,0.0,FALSE,,40,ENST00000375915,,,,,,,HGNC:33877,,NM_001080396.3,tolerated(0.28),ENSP00000365080,ENSG00000204442,Neutral,,,,MODERATE,FALSE,likely_benign,0.1376,FALSE,,1/3,
OSGEP,chr14,20448985,SNV,missense_variant,T,C,0.537,25,28,0/1,,ENST00000206542.9:c.536A>G,p.N179S,O-sialoglycoprotein endopeptidase,KEOPS complex,,0.4713216957605990,,,,FALSE,FALSE,,0.353,,,,,FALSE,protein_coding,,6.841E-07,,Q9NPF4.181,,possibly_damaging(0.864),0.0,0.748,6.572E-06,FALSE,uncertain_significance,53,ENST00000206542,,,,,,SO:0001583|missense_variant,HGNC:18028,rs980385008,NM_017807.4,deleterious_low_confidence(0.02),ENSP00000206542,ENSG00000092094,Damaging,,,,MODERATE,FALSE,likely_benign,0.1978,FALSE,,5/11,
AKAP6,chr14,32546969,SNV,missense_variant,C,A,0.572,19,23,0/1,,ENST00000280979.9:c.2316C>A,p.D772E,A-kinase anchoring protein 6,A-kinase anchoring proteins,Q13023-1,0.3915211970074810,,,,FALSE,FALSE,,0.033,,,,,FALSE,protein_coding,,4.13E-06,,Q13023.188,,benign(0.007),1.0,0.282,6.574E-06,FALSE,,42,ENST00000280979,,,,,,,HGNC:376,rs1296428721,NM_004274.5,tolerated(0.86),ENSP00000280979,ENSG00000151320,Neutral,,,,MODERATE,FALSE,likely_benign,0.1078,FALSE,,4/14,
TTC6,chr14,37796362,substitution,missense_variant,TG,GT,0.439,25,18,0/1,,ENST00000553443.6:c.3860_3861delinsGT,p.M1287S,tetratricopeptide repeat domain 6,Tetratricopeptide repeat domain containing,,0.2338308457711440,,,,FALSE,FALSE,,,,,,,FALSE,protein_coding,,0.0,,,,possibly_damaging(0.893),0.0,,0.0,FALSE,,43,ENST00000553443,,,,,,,HGNC:19739,,NM_001310135.5,deleterious(0),ENSP00000451131,ENSG00000139865,,,,,MODERATE,FALSE,,,FALSE,,21/33,
KTN1,chr14,55612490,SNV,missense_variant,G,A,0.508,25,24,0/1,,ENST00000395314.8:c.442G>A,p.V148I,kinectin 1,,Q86UP2-1,0.3740648379052370,,,,FALSE,FALSE,,0.398,,,,,FALSE,protein_coding,,0.0,,Q86UP2.189,,benign(0.133),0.64,0.0486,0.0,FALSE,,49,ENST00000395314,,,,,,,HGNC:6467,,NM_001079521.2,tolerated_low_confidence(0.06),ENSP00000378725,ENSG00000126777,Neutral,,,,MODERATE,FALSE,likely_benign,0.0798,FALSE,,2/44,
PCNX4,chr14,60108080,SNV,missense_variant,G,A,0.537,19,21,0/1,,ENST00000406854.6:c.442G>A,p.G148R,pecanex homolog 4,,,0.3815461346633420,,,,FALSE,FALSE,,0.691,,,,,FALSE,protein_coding,,0.0,,Q63HM2.138,,probably_damaging(0.999),,,0.0,FALSE,,40,ENST00000406854,,,,,,,HGNC:20349,,NM_001330177.2,deleterious(0),ENSP00000384801,ENSG00000126773,Damaging,,,,MODERATE,FALSE,likely_pathogenic,0.9612,FALSE,,2/11,
TMEM229B,chr14,67473901,SNV,missense_variant,G,A,0.442,29,24,0/1,,ENST00000554480.6:c.23C>T,p.T8M,transmembrane protein 229B,,,0.6334164588528680,,,,FALSE,FALSE,,0.439,,,,,FALSE,protein_coding,,0.0,,Q8NBD8.130,,benign(0.388),0.21,0.198,0.0,FALSE,,53,ENST00000554480,,,,,,,HGNC:20130,rs930630080,NM_001348543.2,deleterious(0.02),ENSP00000450859,ENSG00000198133,Neutral,,,,MODERATE,FALSE,likely_pathogenic,0.6088,FALSE,,3/3,
SERPINA6,chr14,94314416,SNV,missense_variant,G,A,0.537,29,33,0/1,,ENST00000341584.4:c.233C>T,p.S78F,serpin family A member 6,Serpin peptidase inhibitors,,0.5486284289276810,,,,FALSE,FALSE,,0.763,,,,,FALSE,protein_coding,,6.84E-07,,P08185.214,,probably_damaging(0.999),0.0,0.173,0.0,FALSE,,62,ENST00000341584,,ENST00000341584;ENST00000557225;,,,,,HGNC:1540,rs1895580652,NM_001756.4,deleterious(0.01),ENSP00000342850,ENSG00000170099,Damaging,,,,MODERATE,FALSE,ambiguous,0.5042,FALSE,,2/5,
TUBGCP5,chr15,23036904,SNV,missense_variant,T,C,0.432,33,26,0/1,,ENST00000615383.5:c.302A>G,p.E101G,tubulin gamma complex associated protein 5,,Q96RT8-1,0.314214463840399,,,,FALSE,FALSE,,,,,,,FALSE,protein_coding,,7.623E-06,,Q96RT8.181,,benign(0),0.0,0.961,6.688E-06,FALSE,,59,ENST00000615383,,,,,,,HGNC:18600,rs1242984122,NM_052903.6,tolerated(1),ENSP00000480316,ENSG00000275835,,,,,MODERATE,FALSE,likely_benign,0.0656,FALSE,,3/23,
MGA,chr15,41750527,SNV,missense_variant,A,G,0.442,30,24,0/1,,ENST00000703841.1:c.7067A>G,p.D2356G,"MGA, MAX dimerization protein",T-boxes MAX dimerization proteins,,0.3940149625935160,,,,FALSE,FALSE,,0.333,,,,,FALSE,protein_coding,,0.0,,,,probably_damaging(0.996),1.0,0.00847,0.0,FALSE,,54,ENST00000703841,,,,,,,HGNC:14010,,NM_001400225.1,deleterious_low_confidence(0),ENSP00000515495,ENSG00000174197,Damaging,,,,MODERATE,FALSE,,,FALSE,,17/24,
SEMA6D,chr15,47759815,SNV,missense_variant,T,C,0.488,21,20,0/1,,ENST00000536845.7:c.17T>C,p.L6P,semaphorin 6D,Semaphorins,Q8NFY4-1,0.4588528678304240,,,,FALSE,FALSE,,0.187,,,,,FALSE,protein_coding,,4.106E-06,,Q8NFY4.166,,benign(0.312),1.0,0.289,0.0,FALSE,,41,ENST00000536845,,,,,,,HGNC:16770,rs2081965084&COSV107339644,NM_001358351.3,deleterious_low_confidence(0.04),ENSP00000446152,ENSG00000137872,Neutral,,0&1,,MODERATE,FALSE,likely_benign,0.083,FALSE,,2/19,
BCL2L10,chr15,52112402,SNV,missense_variant,C,G,0.554,24,30,0/1,,ENST00000260442.3:c.325G>C,p.E109Q,BCL2 like 10,BCL2 family,,0.7182044887780550,,,,FALSE,FALSE,,0.029,,,,,FALSE,protein_coding,,0.0,,Q9HD36.179,,benign(0.031),0.0,,0.0,FALSE,,54,ENST00000260442,,,,,,,HGNC:993,,NM_020396.4,tolerated(0.14),ENSP00000260442,ENSG00000137875,Neutral,,,,MODERATE,FALSE,likely_benign,0.2144,FALSE,,1/2,
UNC13C,chr15,54393133,SNV,missense_variant,T,G,0.591,19,29,0/1,,ENST00000260323.16:c.4799T>G,p.V1600G,unc-13 homolog C,UNC13 homologs,,0.3241895261845390,,,,FALSE,FALSE,,0.935,,,,,FALSE,protein_coding,,0.0,,Q8NB66.172,,probably_damaging(0.978),0.0,0.328,0.0,FALSE,,48,ENST00000260323,,ENST00000647821;ENST00000260323;,,,,,HGNC:23149,,NM_001080534.3,deleterious_low_confidence(0),ENSP00000260323,ENSG00000137766,Damaging,,,,MODERATE,FALSE,likely_pathogenic,0.7909,FALSE,,18/33,
CGNL1,chr15,57438420,SNV,missense_variant,C,T,0.516,24,27,0/1,,ENST00000281282.6:c.421C>T,p.H141Y,cingulin like 1,,Q0VF96-1,0.4713216957605990,,,,FALSE,FALSE,,0.054,,,,,FALSE,protein_coding,,4.788E-06,,Q0VF96.116,,benign(0.041),0.0,0.903,6.57E-06,FALSE,,51,ENST00000281282,,,,,,,HGNC:25931,rs2063135803,NM_032866.5,tolerated(0.05),ENSP00000281282,ENSG00000128849,Neutral,,,,MODERATE,FALSE,likely_benign,0.084,FALSE,,2/19,
IMP3,chr15,75639792,SNV,missense_variant,G,A,0.484,32,30,1|0,75639788.0,ENST00000403490.3:c.377C>T,p.A126V,"IMP3, U3 small nucleolar ribonucleoprotein",MPP10 subcomplex,,0.6533665835411470,,,,FALSE,FALSE,,0.155,,,,,FALSE,protein_coding,,1.37E-06,,Q9NV31.186,,benign(0.017),0.0,,0.0,FALSE,,62,ENST00000403490,,,,,,,HGNC:14497,rs755917280,NM_018285.4,tolerated(0.24),ENSP00000385217,ENSG00000177971,Neutral,,,,MODERATE,FALSE,likely_benign,0.1935,FALSE,,1/1,
ADAMTS7,chr15,78766537,substitution,missense_variant,AG,GT,0.213,28,7,0|1,78766537.0,ENST00000388820.5:c.3373_3374delinsAC,p.L1125T,ADAM metallopeptidase with thrombospondin type 1 motif 7,ADAM metallopeptidases with thrombospondin type 1 motif,,0.6368159203980100,,,,FALSE,FALSE,,,,,,,FALSE,protein_coding,,0.0,,Q9UKP4.196,,benign(0.003),0.0,0.623,0.0,FALSE,,35,ENST00000388820,,,,,,,HGNC:223,,NM_014272.5,tolerated(0.43),ENSP00000373472,ENSG00000136378,,,,,MODERATE,FALSE,,,FALSE,,19/24,
ACAN,chr15,88855157,SNV,missense_variant,G,A,0.439,31,23,0|1,88855157.0,ENST00000560601.4:c.2572G>A,p.G858R,aggrecan,Sushi domain containing Hyalectan proteoglycans V-set domain containing C-type lectin domain containing,,0.6034912718204490,,,,FALSE,FALSE,,0.176,,,,,FALSE,protein_coding,,2.746E-06,,,772707511.0,probably_damaging(0.988),1.0,0.0378,0.0,FALSE,uncertain_significance,54,ENST00000560601,,,,,,SO:0001583|missense_variant,HGNC:319,rs772707511,NM_001369268.1,deleterious(0.02),ENSP00000453581,ENSG00000157766,Damaging,,,,MODERATE,FALSE,likely_benign,0.159,FALSE,,12/19,
KIF7,chr15,89628445,SNV,missense_variant,T,G,0.54,30,37,0/1,,ENST00000394412.8:c.4006A>C,p.I1336L,kinesin family member 7,Kinesins,,0.6259351620947630,,,,FALSE,FALSE,,0.285,,,,,FALSE,protein_coding,,0.0,,Q2M1P5.146,,benign(0.146),0.0,0.786,0.0,FALSE,,67,ENST00000394412,,,,,,,HGNC:30497,,NM_198525.3,tolerated_low_confidence(0.05),ENSP00000377934,ENSG00000166813,Neutral,,,,MODERATE,FALSE,ambiguous,0.4243,FALSE,,19/19,
ITGAL,chr16,30474231,SNV,missense_variant,G,T,0.558,21,28,0/1,,ENST00000356798.11:c.97G>T,p.A33S,integrin subunit alpha L,Integrin alpha subunits CD molecules,P20701-1,0.7082294264339150,,,,FALSE,FALSE,,0.056,,,,,FALSE,protein_coding,,0.0,,P20701.234,,benign(0.031),0.43,0.374,0.0,FALSE,,49,ENST00000356798,,,,,,,HGNC:6148,COSV63325129,NM_002209.3,tolerated(0.26),ENSP00000349252,ENSG00000005844,Neutral,,1,,MODERATE,FALSE,likely_benign,0.0823,FALSE,,2/31,
ZNF843,chr16,31436328,SNV,missense_variant,C,A,0.46,42,36,0/1,,ENST00000315678.10:c.522G>T,p.R174S,zinc finger protein 843,Zinc fingers C2H2-type,,0.6458852867830420,,,,FALSE,FALSE,,0.01,,,,,FALSE,protein_coding,,0.0,,Q8N446.158,,benign(0.412),,,0.0,FALSE,,78,ENST00000315678,,,,,,,HGNC:28710,rs755289649&COSV59848772,NM_001136509.3,tolerated_low_confidence(0.11),ENSP00000322899,ENSG00000176723,Neutral,,0&1,,MODERATE,FALSE,ambiguous,0.3813,FALSE,,2/2,
ARMC5,chr16,31462898,SNV,missense_variant,G,A,0.417,36,25,0/1,,ENST00000268314.9:c.1351G>A,p.G451R,armadillo repeat containing 5,Armadillo repeat containing,Q96C12-1,0.5835411471321700,,,,FALSE,FALSE,,0.108,,,,,FALSE,protein_coding,,0.0,,Q96C12.162,,unknown(0),0.05,0.454,0.0,FALSE,,61,ENST00000268314,,,,,,,HGNC:25781,,NM_001105247.2,deleterious(0),ENSP00000268314,ENSG00000140691,Neutral,,,,MODERATE,FALSE,ambiguous,0.4021,FALSE,,3/6,
C16orf95,chr16,87305735,SNV,missense_variant,C,A,0.487,30,27,0/1,,ENST00000567970.2:c.685G>T,p.V229F,chromosome 16 open reading frame 95,,,0.6433915211970080,,,,FALSE,FALSE,,,,,,,FALSE,protein_coding,,0.0,,,,possibly_damaging(0.908),,,6.57E-06,FALSE,,57,ENST00000567970,,,,,,,HGNC:40033,rs1452992338,NM_001195124.3,deleterious(0),ENSP00000455079,ENSG00000260456,Damaging,,,,MODERATE,FALSE,,,FALSE,,6/7,
KIAA0753,chr17,6620854,SNV,missense_variant,G,A,0.382,20,12,0/1,,ENST00000361413.8:c.1249C>T,p.L417F,KIAA0753,,Q2KHM9-1,0.4139650872817960,,,,FALSE,FALSE,,0.014,,,,,FALSE,protein_coding,,0.0,,Q2KHM9.121,,benign(0),0.0,0.583,0.0,FALSE,,32,ENST00000361413,,,,,,,HGNC:29110,,NM_014804.3,tolerated(0.37),ENSP00000355250,ENSG00000198920,Neutral,,,,MODERATE,FALSE,likely_benign,0.0664,FALSE,,7/19,
TMEM132E,chr17,34626655,SNV,missense_variant,G,C,0.53,33,37,0/1,,ENST00000631683.2:c.596G>C,p.W199S,transmembrane protein 132E,Deafness associated genes,,0.7531172069825440,,,,FALSE,FALSE,,,,,,,FALSE,protein_coding,,0.0,,Q6IEE7.121,,possibly_damaging(0.684),0.0,0.618,0.0,FALSE,,70,ENST00000631683,,,,,,,HGNC:26991,,NM_001304438.2,deleterious(0),ENSP00000487800,ENSG00000181291,,,,,MODERATE,FALSE,likely_pathogenic,0.9304,FALSE,,2/9,
PSMD3,chr17,39988701,SNV,missense_variant,G,C,0.568,17,25,0/1,,ENST00000264639.9:c.568G>C,p.D190H,"proteasome 26S subunit, non-ATPase 3",Proteasome,O43242-1,0.4837905236907730,,,,FALSE,FALSE,,0.36,,,,,FALSE,protein_coding,,0.0,,O43242.212,,benign(0.018),1.0,0.0519,0.0,FALSE,,42,ENST00000264639,,,,,,,HGNC:9560,,NM_002809.4,tolerated(0.12),ENSP00000264639,ENSG00000108344,Neutral,,,,MODERATE,FALSE,likely_benign,0.2056,FALSE,,4/12,
MED24,chr17,40029843,SNV,missense_variant,G,A,0.616,26,46,0/1,,ENST00000394128.7:c.1171C>T,p.H391Y,mediator complex subunit 24,Mediator complex,O75448-1,0.513715710723192,,,,FALSE,FALSE,,0.095,,,,,FALSE,protein_coding,,0.0,,O75448.200,,benign(0.044),0.0,0.902,0.0,FALSE,,72,ENST00000394128,,,,,,,HGNC:22963,,NM_014815.4,tolerated(0.41),ENSP00000377686,ENSG00000008838,Neutral,,,,MODERATE,FALSE,likely_benign,0.0732,FALSE,,13/26,
ERNÂ 1.00,chr17,64044062,SNV,missense_variant,C,T,0.64,20,35,0/1,,ENST00000433197.4:c.2860G>A,p.E954K,endoplasmic reticulum to nucleus signaling 1,,O75460-1,0.6134663341645890,,,,FALSE,FALSE,,0.624,,,,,FALSE,protein_coding,,4.79E-06,,O75460.218,,possibly_damaging(0.453),0.91,,0.0,FALSE,,55,ENST00000433197,,,,,,,HGNC:3449,rs1567858821&COSV70503214,NM_001433.5,deleterious_low_confidence(0),ENSP00000401445,ENSG00000178607,Damaging,,0&1,,MODERATE,FALSE,likely_pathogenic,0.8139,FALSE,,22/22,
TEX2,chr17,64188286,SNV,missense_variant,C,G,0.519,26,29,0/1,,ENST00000584379.6:c.2306G>C,p.R769P,testis expressed 2,,Q8IWB9-1,0.57356608478803,,,,FALSE,FALSE,,0.212,,,,,FALSE,protein_coding,,0.0,,Q8IWB9.151,,possibly_damaging(0.71),0.44,0.587,0.0,FALSE,,55,ENST00000584379,,,,,,,HGNC:30884,,NM_001288732.2,deleterious(0.02),ENSP00000463001,ENSG00000136478,Neutral,,,,MODERATE,FALSE,likely_pathogenic,0.5682,FALSE,,5/12,
OTOP3,chr17,74942004,substitution,missense_variant,CT,TC,0.41,29,20,0|1,74942004.0,ENST00000328801.6:c.540_541delinsTC,p.S181P,otopetrin 3,,,0.5970149253731340,,,,FALSE,FALSE,,,,,,,FALSE,protein_coding,,0.0,,,,,0.0,0.781,0.0,FALSE,,49,ENST00000328801,,,,,,,HGNC:19658,,NM_001272005.2,,ENSP00000328090,ENSG00000182938,,,,,MODERATE,FALSE,,,FALSE,,3/7,
DNAH17,chr17,78459968,SNV,missense_variant,G,A,0.565,32,39,0/1,,ENST00000389840.7:c.9469C>T,p.P3157S,dynein axonemal heavy chain 17,"Dyneins, axonemal",Q9UFH2-1,0.5960099750623440,,,,FALSE,FALSE,,0.691,,,,,FALSE,protein_coding,,1.369E-06,,Q9UFH2.149,,probably_damaging(0.982),,,0.0,FALSE,,71,ENST00000389840,,,,,,,HGNC:2946,rs1568083620&COSV67754343,NM_173628.4,deleterious_low_confidence(0),ENSP00000374490,ENSG00000187775,,,0&1,,MODERATE,FALSE,likely_pathogenic,0.972,FALSE,,60/81,
APCDD1,chr18,10485700,SNV,missense_variant,C,G,0.393,31,21,0/1,,ENST00000355285.10:c.1013C>G,p.T338S,APC down-regulated 1,,,0.5885286783042390,,,,FALSE,FALSE,,0.101,,,,,FALSE,protein_coding,,0.0,,Q8J025.145,,benign(0.319),0.0,0.555,0.0,FALSE,,52,ENST00000355285,,,,,,,HGNC:15718,,NM_153000.5,deleterious(0.04),ENSP00000347433,ENSG00000154856,Damaging,,,,MODERATE,FALSE,likely_benign,0.1577,FALSE,,4/5,
ZNF521,chr18,25350927,SNV,missense_variant,G,T,0.634,12,22,0/1,,ENST00000361524.8:c.20C>A,p.A7E,zinc finger protein 521,Zinc fingers C2H2-type,,0.6907730673316710,,,,FALSE,FALSE,,0.186,,,,,FALSE,protein_coding,,0.0,,Q96K83.173,,benign(0.007),1.0,0.00496,0.0,FALSE,,34,ENST00000361524,,,,,,,HGNC:24605,,NM_015461.3,deleterious_low_confidence(0),ENSP00000354794,ENSG00000198795,Neutral,,,,MODERATE,FALSE,likely_pathogenic,0.6051,FALSE,,2/8,
MEP1B,chr18,32217077,SNV,missense_variant,G,C,0.439,23,17,0/1,,ENST00000269202.11:c.1846G>C,p.D616H,meprin A subunit beta,Astacins,,0.3491271820448880,,,,FALSE,FALSE,,0.457,,,,,FALSE,protein_coding,,0.0,,Q16820.205,,possibly_damaging(0.877),0.0,0.854,0.0,FALSE,,40,ENST00000269202,,,,,,,HGNC:7020,,NM_005925.3,deleterious(0.01),ENSP00000269202,ENSG00000141434,Damaging,,,,MODERATE,FALSE,likely_benign,0.1509,FALSE,,13/15,
MEX3C,chr18,51196884,SNV,missense_variant,G,A,0.381,25,17,0/1,,ENST00000406189.4:c.437C>T,p.P146L,mex-3 RNA binding family member C,Ring finger proteins,,0.7581047381546130,,,,FALSE,FALSE,,0.111,,,,,FALSE,protein_coding,,2.881E-06,,Q5U5Q3.155,,unknown(0),0.95,0.4,0.0,FALSE,,42,ENST00000406189,,,,,,,HGNC:28040,rs1912811453,NM_016626.5,deleterious_low_confidence(0.05),ENSP00000385610,ENSG00000176624,Neutral,,,,MODERATE,FALSE,likely_benign,0.1072,FALSE,,1/2,
MUC16,chr19,8937432,SNV,missense_variant,C,T,0.454,30,25,0/1,,ENST00000711672.1:c.33643G>A,p.D11215N,"mucin 16, cell surface associated",Mucins,,0.4663341645885290,,,,FALSE,FALSE,,0.065,,,,,FALSE,protein_coding,,4.789E-06,,,,benign(0.007),,0.998,0.0,FALSE,,55,ENST00000711672,,,,,,,HGNC:15582,rs867767995,,,ENSP00000518832,ENSG00000181143,Neutral,,,,MODERATE,FALSE,,,FALSE,,8/88,
MUC16,chr19,8972416,SNV,missense_variant,G,T,0.498,29,28,0/1,,ENST00000711672.1:c.8843C>A,p.P2948Q,"mucin 16, cell surface associated",Mucins,,0.5062344139650870,,,,FALSE,FALSE,,0.085,,,,,FALSE,protein_coding,,0.0,,,,benign(0.017),,0.998,0.0,FALSE,,57,ENST00000711672,,,,,,,HGNC:15582,,,,ENSP00000518832,ENSG00000181143,Neutral,,,,MODERATE,FALSE,,,FALSE,,4/88,
ZNF699,chr19,9296739,SNV,missense_variant,G,T,0.411,26,19,0/1,,ENST00000591998.6:c.665C>A,p.P222H,zinc finger protein 699,Zinc fingers C2H2-type,,0.3940149625935160,,,,FALSE,FALSE,,0.124,,,,,FALSE,protein_coding,,7.525E-06,,Q32M78.144,,possibly_damaging(0.817),0.0,0.644,0.0,FALSE,,45,ENST00000591998,,,,,,,HGNC:24750,rs769482361,NM_198535.3,deleterious(0),ENSP00000467723,ENSG00000196110,Damaging,,,,MODERATE,FALSE,likely_benign,0.3041,FALSE,,6/6,
ZNF177,chr19,9380888,SNV,missense_variant,A,G,0.44,32,25,0/1,,ENST00000683217.1:c.557A>G,p.N186S,zinc finger protein 177,Zinc fingers C2H2-type,Q13360-1,0.4089775561097260,,,,FALSE,FALSE,,0.027,,,,,FALSE,protein_coding,,1.445E-06,,Q13360.200,,benign(0.005),0.0,0.978,0.0,FALSE,,57,ENST00000683217,,,,,,,HGNC:12966,rs2068187223,NM_001172651.2,tolerated(0.73),ENSP00000507083,ENSG00000188629,Neutral,,,,MODERATE,FALSE,likely_benign,0.0904,FALSE,,8/8,
ZNF439,chr19,11848887,SNV,missense_variant,G,A,0.566,25,31,0/1,,ENST00000682736.1:c.20G>A,p.R7K,zinc finger protein 439,Zinc fingers C2H2-type,,0.6583541147132170,,,,FALSE,FALSE,,,,,,,FALSE,protein_coding,,0.0,,,,benign(0.272),0.0,0.705,0.0,FALSE,,56,ENST00000682736,,,,,,,HGNC:20873,COSV101504628,NM_001348719.2,tolerated_low_confidence(0.27),ENSP00000506930,ENSG00000171291,,,1,,MODERATE,FALSE,,,FALSE,,1/4,
ANO8,chr19,17328875,SNV,missense_variant,C,T,0.588,30,41,0/1,,ENST00000159087.7:c.1513G>A,p.V505I,anoctamin 8,Anoctamins,Q9HCE9-1,0.7880299251870320,,,,FALSE,FALSE,,0.04,,,,,FALSE,protein_coding,,7.418E-07,,Q9HCE9.149,,benign(0.354),0.99,0.51,0.0,FALSE,,71,ENST00000159087,,,,,,,HGNC:29329,rs1366144833,NM_020959.3,tolerated_low_confidence(0.23),ENSP00000159087,ENSG00000074855,Neutral,,,,MODERATE,FALSE,likely_benign,0.076,FALSE,,13/18,
CCDC194,chr19,17390622,SNV,missense_variant,C,G,0.587,25,38,0/1,,ENST00000636079.2:c.592G>C,p.V198L,coiled-coil domain containing 194,,,0.7231920199501250,,,,FALSE,FALSE,,,,,,,FALSE,protein_coding,,0.0,,A0A1B0GVG4.31,,unknown(0),,,0.0,FALSE,,63,ENST00000636079,,,,,,,HGNC:53438,,NM_001395222.1,tolerated(0.34),ENSP00000490504,ENSG00000269720,,,,,MODERATE,FALSE,likely_benign,0.116,FALSE,,4/4,
FCHO1,chr19,17781330,SNV,missense_variant,G,C,0.49,30,29,0/1,,ENST00000596536.6:c.1727G>C,p.S576T,FCH domain only 1,F-BAR domain containing ,O14526-1,0.628428927680798,,,,FALSE,FALSE,,0.041,,,,,FALSE,protein_coding,,1.368E-06,,O14526.161,,possibly_damaging(0.462),1.0,0.396,0.0,FALSE,,59,ENST00000596536,,,,,,,HGNC:29002,rs2093388300,NM_015122.3,tolerated(0.06),ENSP00000470731,ENSG00000130475,Neutral,,,,MODERATE,FALSE,likely_benign,0.0837,FALSE,,21/29,
KIRREL2,chr19,35861597,SNV,missense_variant,C,A,0.429,29,22,0/1,,ENST00000360202.10:c.1246C>A,p.R416S,kirre like nephrin family adhesion molecule 2,C2-set domain containing I-set domain containing Immunoglobulin like domain containing,Q6UWL6-1,0.600997506234414,,,,FALSE,FALSE,,0.129,,,,,FALSE,protein_coding,,0.0,,Q6UWL6.167,,probably_damaging(0.978),0.0,0.895,0.0,FALSE,,51,ENST00000360202,,,,,,,HGNC:18816,COSV99384191,NM_199180.4,deleterious(0.04),ENSP00000353331,ENSG00000126259,Neutral,,1,,MODERATE,FALSE,likely_benign,0.2062,FALSE,,10/15,
KLC3,chr19,45348151,SNV,missense_variant,T,C,0.428,28,22,0/1,,ENST00000391946.7:c.770T>C,p.L257P,kinesin light chain 3,Tetratricopeptide repeat domain containing,Q6P597-1,0.6483790523690770,,,,FALSE,FALSE,,0.847,,,,,FALSE,protein_coding,,6.954E-06,,Q6P597.162,,probably_damaging(0.992),0.0,,6.573E-06,FALSE,,50,ENST00000391946,,ENST00000589373;ENST00000391946;ENST00000585434;ENST00000589837;ENST00000470402;,,,,,HGNC:20717,rs370748370,NM_177417.3,deleterious_low_confidence(0),ENSP00000375810,ENSG00000104892,Damaging,,,,MODERATE,FALSE,likely_pathogenic,0.9996,FALSE,,5/13,
RPL13A,chr19,49490270,SNV,missense_variant,A,G,0.615,36,57,0|1,49490270.0,ENST00000391857.9:c.127A>G,p.I43V,ribosomal protein L13a,L ribosomal proteins,,0.5461346633416460,,,,FALSE,FALSE,,0.339,,,,,FALSE,protein_coding,,9.577E-06,,P40429.212,,possibly_damaging(0.7),0.63,,0.0,FALSE,uncertain_significance,93,ENST00000391857,,,,,,"SO:0001583|missense_variant,SO:0001619|non-coding_transcript_variant,SO:0001627|intron_variant",HGNC:10304,rs1279600358,NM_012423.4,tolerated(0.06),ENSP00000375730,ENSG00000142541,Neutral,,,,MODERATE,FALSE,ambiguous,0.4459,FALSE,,3/8,
CLDND2,chr19,51367481,SNV,missense_variant,C,T,0.353,53,31,0/1,,ENST00000291715.5:c.406G>A,p.A136T,claudin domain containing 2,,,0.6359102244389030,,,,FALSE,FALSE,,0.677,,,,,FALSE,protein_coding,,0.0,,Q8NHS1.131,,probably_damaging(0.994),0.0,0.404,0.0,FALSE,,84,ENST00000291715,,,,,,,HGNC:28511,,NM_152353.3,tolerated(0.06),ENSP00000291715,ENSG00000160318,Neutral,,,,MODERATE,FALSE,ambiguous,0.3722,FALSE,,3/4,
LENG9,chr19,54463286,SNV,missense_variant,C,A,0.664,33,70,0/1,,ENST00000611161.2:c.241G>T,p.D81Y,leukocyte receptor cluster member 9,,,0.7605985037406480,,,,FALSE,FALSE,,0.153,,,,,FALSE,protein_coding,,0.0,,,,possibly_damaging(0.898),0.0,,0.0,FALSE,,103,ENST00000611161,,,,,,,HGNC:16306,,NM_001301782.2,deleterious(0),ENSP00000479355,ENSG00000275183,,,,,MODERATE,FALSE,,,FALSE,,1/1,
ZNF784,chr19,55621932,substitution,missense_variant,GA,TT,0.358,64,34,0/1,,ENST00000325351.5:c.790_791delinsAA,p.S264N,zinc finger protein 784,Zinc fingers C2H2-type,,0.6940298507462690,,,,FALSE,FALSE,,,,,,,FALSE,protein_coding,,0.0,,Q8NCA9.160,,possibly_damaging(0.833),0.35,,0.0,FALSE,,98,ENST00000325351,,,,,,,HGNC:33111,,NM_203374.2,deleterious(0.01),ENSP00000320096,ENSG00000179922,,,,,MODERATE,FALSE,,,FALSE,,2/2,
PUM2,chr2,20256130,SNV,missense_variant,C,A,0.676,11,24,0/1,,ENST00000361078.7:c.2525G>T,p.C842F,pumilio RNA binding family member 2,,Q8TB72-3,0.3067331670822940,,,,FALSE,FALSE,,0.771,,,,,FALSE,protein_coding,,0.0,,Q8TB72.183,,probably_damaging(0.999),1.0,0.375,0.0,FALSE,,35,ENST00000361078,,ENST00000338086;ENST00000319801;ENST00000361078;ENST00000440577;ENST00000403432;,,,,,HGNC:14958,rs1664707821,NM_015317.5,deleterious_low_confidence(0),ENSP00000354370,ENSG00000055917,Damaging,,,,MODERATE,FALSE,,,FALSE,,17/21,
NLRC4,chr2,32252556,SNV,missense_variant,C,A,0.577,20,28,0/1,,ENST00000402280.6:c.125G>T,p.C42F,NLR family CARD domain containing 4,NLR family Caspase recruitment domain containing,Q9NPP4-1,0.3940149625935160,,,,FALSE,FALSE,,0.039,,,,,FALSE,protein_coding,,0.0,,Q9NPP4.198,,benign(0.091),0.0,0.85,0.0,FALSE,,48,ENST00000402280,,,,,,,HGNC:16412,,NM_001199138.2,tolerated(0.41),ENSP00000385428,ENSG00000091106,Neutral,,,,MODERATE,FALSE,likely_benign,0.1097,FALSE,,3/9,
EML6,chr2,54911038,SNV,missense_variant,C,T,0.467,26,22,0/1,,ENST00000356458.8:c.3494C>T,p.S1165L,echinoderm microtubule associated protein like 6,WD repeat domain containing,Q6ZMW3-1,0.3216957605985040,,,,FALSE,FALSE,,0.089,,,,,FALSE,protein_coding,,0.0,,Q6ZMW3.144,,benign(0),0.44,,0.0,FALSE,,48,ENST00000356458,,,,,,SO:0001583|missense_variant,HGNC:35412,,NM_001039753.4,tolerated_low_confidence(0.43),ENSP00000348842,ENSG00000214595,Neutral,,,,MODERATE,FALSE,likely_benign,0.0668,FALSE,,25/42,
UGP2,chr2,63885604,SNV,missense_variant,T,G,0.579,27,36,0/1,,ENST00000337130.10:c.591T>G,p.N197K,UDP-glucose pyrophosphorylase 2,,Q16851-1,0.3316708229426430,,,,FALSE,FALSE,,0.112,,,,,FALSE,protein_coding,,0.0,,Q16851.193,,benign(0.226),0.0,0.891,0.0,FALSE,,63,ENST00000337130,,,,,,,HGNC:12527,,NM_006759.4,deleterious(0.03),ENSP00000338703,ENSG00000169764,Damaging,,,,MODERATE,FALSE,likely_pathogenic,0.7117,FALSE,,6/10,
GGCX,chr2,85551510,SNV,missense_variant,G,T,0.612,23,33,0/1,,ENST00000233838.9:c.1710C>A,p.N570K,gamma-glutamyl carboxylase,,P38435-1,0.4912718204488780,,,,FALSE,FALSE,,0.484,,,,,FALSE,protein_coding,,0.0,,P38435.201,,benign(0.291),0.0,0.0962,0.0,FALSE,,56,ENST00000233838,,,,,,,HGNC:4247,rs1691952128,NM_000821.7,deleterious(0),ENSP00000233838,ENSG00000115486,Damaging,,,,MODERATE,FALSE,likely_pathogenic,0.6101,FALSE,,12/15,
ANKAR,chr2,189706952,SNV,missense_variant,C,G,0.352,35,18,0/1,,ENST00000684021.1:c.1925C>G,p.P642R,ankyrin and armadillo repeat containing,Ankyrin repeat domain containing Armadillo repeat containing,Q7Z5J8-1,0.3566084788029930,,,,FALSE,FALSE,,0.815,,,,,FALSE,protein_coding,,0.0,,Q7Z5J8.147,,probably_damaging(0.997),0.0,0.989,0.0,FALSE,,53,ENST00000684021,,ENST00000520309;ENST00000313581;,,,,,HGNC:26350,,NM_001378068.1,deleterious(0),ENSP00000507233,ENSG00000151687,Damaging,,,,MODERATE,FALSE,likely_pathogenic,0.9918,FALSE,,9/23,
NDUFS1,chr2,206152468,SNV,missense_variant,A,T,0.438,26,21,0/1,,ENST00000233190.11:c.104T>A,p.F35Y,NADH:ubiquinone oxidoreductase core subunit S1,NADH:ubiquinone oxidoreductase core subunits,P28331-1,0.314214463840399,,,,FALSE,FALSE,,0.486,,,,,FALSE,protein_coding,,0.0,,P28331.236,,possibly_damaging(0.474),0.0,0.208,0.0,FALSE,,47,ENST00000233190,,,,,,,HGNC:7707,,NM_005006.7,deleterious(0.03),ENSP00000233190,ENSG00000023228,Neutral,,,,MODERATE,FALSE,likely_benign,0.2191,FALSE,,3/19,
MYL1,chr2,210298444,SNV,missense_variant,C,T,0.595,16,25,0/1,,ENST00000352451.4:c.280G>A,p.V94I,myosin light chain 1,Myosin light chains EF-hand domain containing,P05976-1,0.4114713216957610,,,,FALSE,FALSE,,0.172,,,,,FALSE,protein_coding,,2.052E-06,,P05976.200,,benign(0.052),0.06,0.278,0.0,FALSE,,41,ENST00000352451,,,,,,,HGNC:7582,rs767592290,NM_079420.3,tolerated_low_confidence(0.21),ENSP00000307280,ENSG00000168530,Neutral,,,,MODERATE,FALSE,likely_benign,0.1099,FALSE,,3/7,
L3MBTL1,chr20,43530416,SNV,missense_variant,A,C,0.5,29,29,0/1,,ENST00000418998.7:c.1189A>C,p.K397Q,,,,0.5685785536159600,,,,FALSE,FALSE,,0.373,,,,,FALSE,protein_coding,,6.841E-07,,,,possibly_damaging(0.6),0.0,,6.572E-06,FALSE,,58,ENST00000418998,,,,,,,HGNC:15905,rs2019270832&COSV100917062,NM_001377303.1,deleterious(0),ENSP00000398516,ENSG00000185513,Damaging,,0&1,,MODERATE,FALSE,,,FALSE,,10/22,
RAB22A,chr20,58359647,SNV,missense_variant,G,A,0.562,17,22,0/1,,ENST00000244040.4:c.529G>A,p.G177S,"RAB22A, member RAS oncogene family","RAB, member RAS oncogene GTPases",,0.4314214463840400,,,,FALSE,FALSE,,0.059,,,,,FALSE,protein_coding,,4.792E-06,,Q9UL26.191,,benign(0.003),0.69,0.453,0.0,FALSE,,39,ENST00000244040,,,,,,,HGNC:9764,rs779923341&COSV105035958,NM_020673.3,tolerated(0.4),ENSP00000244040,ENSG00000124209,Neutral,,0&1,,MODERATE,FALSE,likely_benign,0.0772,FALSE,,7/7,
NPEPL1,chr20,58712497,SNV,missense_variant,C,T,0.434,26,19,0/1,,ENST00000356091.11:c.919C>T,p.H307Y,aminopeptidase like 1,Aminopeptidases,Q8NDH3-1,0.6109725685785540,,,,FALSE,FALSE,,0.387,,,,,FALSE,protein_coding,,3.422E-06,,Q8NDH3.170,,possibly_damaging(0.687),0.0,0.764,0.0,FALSE,,45,ENST00000356091,,,,,,,HGNC:16244,rs867803460,NM_024663.4,deleterious(0.04),ENSP00000348395,ENSG00000215440,Damaging,,,,MODERATE,FALSE,likely_benign,0.3303,FALSE,,8/12,
TCFL5,chr20,62861222,SNV,missense_variant,G,C,0.489,23,23,0/1,,ENST00000335351.8:c.449C>G,p.A150G,transcription factor like 5,Basic helix-loop-helix proteins,Q9UL49-3,0.8129675810473820,,,,FALSE,FALSE,,0.051,,,,,FALSE,protein_coding,,0.0,,Q9UL49.176,,benign(0.018),0.96,,0.0,FALSE,,46,ENST00000335351,,,,,,,HGNC:11646,,NM_006602.4,tolerated(0.27),ENSP00000334294,ENSG00000101190,Neutral,,,,MODERATE,FALSE,likely_benign,0.0536,FALSE,,1/6,
SYNJ1,chr21,32700069,SNV,missense_variant,C,T,0.542,20,24,0/1,,ENST00000674351.1:c.248G>A,p.G83E,synaptojanin 1,Phosphoinositide phosphatases,O43426-2,0.3491271820448880,,,,FALSE,FALSE,,0.503,,,,,FALSE,protein_coding,,0.0,,O43426.214,,possibly_damaging(0.888),0.21,0.0251,0.0,FALSE,,44,ENST00000674351,,,,,,,HGNC:11503,,NM_203446.3,deleterious_low_confidence(0),ENSP00000501530,ENSG00000159082,Damaging,,,,MODERATE,FALSE,,,FALSE,,4/33,
MORC3,chr21,36369266,SNV,missense_variant,A,T,0.527,26,29,0/1,,ENST00000400485.6:c.1898A>T,p.D633V,MORC family CW-type zinc finger 3,Zinc fingers CW-type,,0.4314214463840400,,,,FALSE,FALSE,,0.057,,,,,FALSE,protein_coding,,0.0,,Q14149.170,,benign(0.352),1.0,0.202,0.0,FALSE,,55,ENST00000400485,,,,,,,HGNC:23572,,NM_015358.3,tolerated(0.09),ENSP00000383333,ENSG00000159256,Neutral,,,,MODERATE,FALSE,likely_benign,0.0953,FALSE,,15/17,
AIFM3,chr22,20974565,SNV,missense_variant,G,T,0.281,43,17,0/1,,ENST00000440238.4:c.551G>T,p.C184F,"apoptosis inducing factor, mitochondria associated 3",,Q96NN9-1,0.6234413965087280,,,,FALSE,FALSE,,0.223,,,,,FALSE,protein_coding,,0.0,,Q96NN9.170,,benign(0.068),0.0,,6.571E-06,FALSE,,60,ENST00000440238,,,,,,,HGNC:26398,rs758018566&COSV58997253,NM_001386814.1,deleterious(0.01),ENSP00000390798,ENSG00000183773,Damaging,,0&1,,MODERATE,FALSE,likely_benign,0.2815,FALSE,,7/21,
PPIL2,chr22,21684895,SNV,missense_variant,A,C,0.159,55,9,0/1,,ENST00000398831.8:c.696A>C,p.K232N,peptidylprolyl isomerase like 2,Spliceosomal Bact complex U-box domain containing Cyclophilin peptidylprolyl isomerases,Q13356-1,0.6034912718204490,,,,FALSE,FALSE,,0.166,,,,,FALSE,protein_coding,,0.0,,Q13356.202,,possibly_damaging(0.703),0.03,0.875,0.0,FALSE,,64,ENST00000398831,,,,,,,HGNC:9261,,NM_014337.4,deleterious(0.02),ENSP00000381812,ENSG00000100023,Neutral,,,,MODERATE,FALSE,likely_benign,0.1877,FALSE,,10/20,
SHANK3,chr22,50730818,SNV,missense_variant,C,T,0.424,35,26,0/1,,ENST00000692848.2:c.4885C>T,p.R1629C,SH3 and multiple ankyrin repeat domains 3,Ankyrin repeat domain containing Sterile alpha motif domain containing PDZ domain containing,,0.7531172069825440,,,,FALSE,FALSE,,0.11,,,,,FALSE,protein_coding,,0.0,,,,,1.0,,0.0,FALSE,,61,ENST00000692848,,,,,,,HGNC:14294,,,deleterious_low_confidence(0),ENSP00000510794,ENSG00000251322,,,,,MODERATE,FALSE,,,FALSE,,23/23,
UBP1,chr3,33408736,SNV,missense_variant,C,T,0.528,25,30,0/1,,ENST00000283629.8:c.881G>A,p.R294Q,upstream binding protein 1,,Q9NZI7-1,0.3940149625935160,,,,FALSE,FALSE,,0.317,,,,,FALSE,protein_coding,,0.0,,Q9NZI7.170,,benign(0.078),1.0,0.1,0.0,FALSE,,55,ENST00000283629,,,,,,,HGNC:12507,COSV99372730,NM_014517.5,deleterious_low_confidence(0),ENSP00000283629,ENSG00000153560,Neutral,,1,,MODERATE,FALSE,likely_pathogenic,0.602,FALSE,,8/16,
CELSR3,chr3,48641345,SNV,missense_variant,G,C,0.498,31,29,0/1,,ENST00000164024.5:c.9004C>G,p.R3002G,cadherin EGF LAG seven-pass G-type receptor 3,"CELSR cadherins Adhesion G protein-coupled receptors, subfamily C",Q9NYQ7-1,0.6209476309226930,,,,FALSE,FALSE,,0.083,,,,,FALSE,protein_coding,,6.858E-07,,Q9NYQ7.204,,benign(0),1.0,0.385,0.0,FALSE,,60,ENST00000164024,,,,,,,HGNC:3230,rs760431521&COSV50851757,NM_001407.3,tolerated_low_confidence(0.06),ENSP00000164024,ENSG00000008300,Neutral,,0&1,,MODERATE,FALSE,likely_benign,0.0681,FALSE,,33/35,
CELSR3,chr3,48648808,SNV,missense_variant,T,C,0.4,33,21,0/1,,ENST00000164024.5:c.6688A>G,p.T2230A,cadherin EGF LAG seven-pass G-type receptor 3,"CELSR cadherins Adhesion G protein-coupled receptors, subfamily C",Q9NYQ7-1,0.5960099750623440,,,,FALSE,FALSE,,0.028,,,,,FALSE,protein_coding,,6.846E-07,,Q9NYQ7.204,,benign(0.003),1.0,0.385,0.0,FALSE,,54,ENST00000164024,,,,,,,HGNC:3230,rs758453830,NM_001407.3,tolerated_low_confidence(0.7),ENSP00000164024,ENSG00000008300,Neutral,,,,MODERATE,FALSE,likely_benign,0.0661,FALSE,,18/35,
GPX1,chr3,49357461,SNV,missense_variant,C,A,0.586,17,24,0/1,,ENST00000419783.3:c.539G>T,p.S180I,glutathione peroxidase 1,Selenoproteins,P07203-1,0.6134663341645890,,,,FALSE,FALSE,,0.4,,,,,FALSE,protein_coding,,0.0,,P07203.240,,probably_damaging(0.98),0.01,0.717,0.0,FALSE,,41,ENST00000419783,,,,,,,HGNC:4553,rs2107818756,NM_000581.4,deleterious(0),ENSP00000407375,ENSG00000233276,Damaging,,,,MODERATE,FALSE,,,FALSE,,2/2,
GPR27,chr3,71754974,SNV,missense_variant,C,G,0.523,20,22,0/1,,ENST00000304411.3:c.925C>G,p.L309V,G protein-coupled receptor 27,"G protein-coupled receptors, Class A orphans",,0.6982543640897760,,,,FALSE,FALSE,,0.071,,,,,FALSE,protein_coding,,0.0,,Q9NS67.160,,benign(0.198),0.6,,0.0,FALSE,,42,ENST00000304411,,,,,,,HGNC:4482,,NM_018971.3,deleterious(0),ENSP00000303149,ENSG00000170837,Neutral,,,,MODERATE,FALSE,likely_benign,0.1132,FALSE,,1/1,
STAG1,chr3,136357759,SNV,missense_variant,T,C,0.561,17,22,0/1,,ENST00000383202.7:c.3026A>G,p.E1009G,stromal antigen 1,Cohesin complex,Q8WVM7-1,0.2892768079800500,,,,FALSE,FALSE,,0.933,,,,,FALSE,protein_coding,,0.0,,Q8WVM7.190,,probably_damaging(0.966),1.0,0.214,0.0,FALSE,,39,ENST00000383202,,ENST00000383202;ENST00000236698;ENST00000434713;,,,,,HGNC:11354,,NM_005862.3,deleterious_low_confidence(0),ENSP00000372689,ENSG00000118007,Damaging,,,,MODERATE,FALSE,likely_pathogenic,0.9968,FALSE,,28/34,
STAG1,chr3,136500229,SNV,missense_variant,C,T,0.528,25,27,0/1,,ENST00000383202.7:c.896G>A,p.R299K,stromal antigen 1,Cohesin complex,Q8WVM7-1,0.3117206982543640,,,,FALSE,FALSE,,0.548,,,,,FALSE,protein_coding,,0.0,,Q8WVM7.190,,probably_damaging(0.925),1.0,0.214,0.0,FALSE,,52,ENST00000383202,,,,,,,HGNC:11354,COSV99367491,NM_005862.3,deleterious_low_confidence(0),ENSP00000372689,ENSG00000118007,Damaging,,1,,MODERATE,FALSE,likely_pathogenic,0.9985,FALSE,,9/34,
LRRIQ4,chr3,169830561,SNV,missense_variant,A,G,0.637,17,32,0/1,,ENST00000340806.7:c.1264A>G,p.N422D,leucine rich repeats and IQ motif containing 4,,,0.3840399002493770,,,,FALSE,FALSE,,0.099,,,,,FALSE,protein_coding,,4.106E-06,,A6NIV6.119,,possibly_damaging(0.853),0.0,0.887,0.0,FALSE,,49,ENST00000340806,,,,,,,HGNC:34298,rs774163930,NM_001080460.3,deleterious(0.03),ENSP00000342188,ENSG00000188306,Damaging,,,,MODERATE,FALSE,likely_benign,0.1286,FALSE,,4/6,
EIF5A2,chr3,170893408,SNV,missense_variant,C,G,0.492,32,31,0/1,,ENST00000295822.7:c.414G>C,p.M138I,eukaryotic translation initiation factor 5A2,,,0.3466334164588530,,,,FALSE,FALSE,,0.046,,,,,FALSE,protein_coding,,0.0,,Q9GZV4.183,,benign(0),0.17,0.54,0.0,FALSE,uncertain_significance,63,ENST00000295822,,,,,,SO:0001583|missense_variant,HGNC:3301,rs754601182,NM_020390.6,tolerated_low_confidence(0.19),ENSP00000295822,ENSG00000163577,Neutral,,,,MODERATE,FALSE,likely_benign,0.2921,FALSE,,5/5,
EHHADH,chr3,185235363,SNV,missense_variant,G,T,0.51,24,25,0/1,,ENST00000231887.8:c.278C>A,p.A93E,enoyl-CoA hydratase and 3-hydroxyacyl CoA dehydrogenase,,Q08426-1,0.42643391521197,,,,FALSE,FALSE,,0.819,,,,,FALSE,protein_coding,,0.0,,Q08426.218,,probably_damaging(0.997),0.0,0.325,0.0,FALSE,,49,ENST00000231887,,ENST00000231887;,,,,,HGNC:3247,,NM_001966.4,deleterious(0),ENSP00000231887,ENSG00000113790,Damaging,,,,MODERATE,FALSE,likely_pathogenic,0.946,FALSE,,3/7,
RNF168,chr3,196471930,SNV,missense_variant,C,G,0.468,27,25,0/1,,ENST00000318037.3:c.1605G>C,p.K535N,ring finger protein 168,Ring finger proteins,,0.42643391521197,,,,FALSE,FALSE,,0.071,,,,,FALSE,protein_coding,,0.0,,Q8IYW5.179,,benign(0.305),0.0,0.776,0.0,FALSE,,52,ENST00000318037,,,,,,,HGNC:26661,COSV100535130&COSV58838816,NM_152617.4,deleterious(0.02),ENSP00000320898,ENSG00000163961,Neutral,,1&1,,MODERATE,FALSE,likely_benign,0.1877,FALSE,,6/6,
BOD1L1,chr4,13582255,SNV,missense_variant,G,T,0.424,19,13,0/1,,ENST00000040738.10:c.8574C>A,p.D2858E,biorientation of chromosomes in cell division 1 like 1,,,0.3690773067331670,,,,FALSE,FALSE,,0.142,,,,,FALSE,protein_coding,,0.0,,Q8NFC6.153,,possibly_damaging(0.767),1.0,,0.0,FALSE,,32,ENST00000040738,,,,,,,HGNC:31792,,NM_148894.3,deleterious(0),ENSP00000040738,ENSG00000038219,Neutral,,,,MODERATE,FALSE,likely_benign,0.194,FALSE,,19/26,
PGM2,chr4,37847253,SNV,missense_variant,G,C,0.363,30,17,0/1,,ENST00000381967.9:c.1240G>C,p.D414H,phosphoglucomutase 2,,Q96G03-1,0.4139650872817960,,,,FALSE,FALSE,,0.163,,,,,FALSE,protein_coding,,0.0,,Q96G03.185,,possibly_damaging(0.627),0.0,0.79,0.0,FALSE,,47,ENST00000381967,,,,,,,HGNC:8906,,NM_018290.4,deleterious(0.02),ENSP00000371393,ENSG00000169299,Neutral,,,,MODERATE,FALSE,likely_benign,0.1624,FALSE,,10/14,
CORIN,chr4,47643220,SNV,missense_variant,T,C,0.58,20,28,0/1,,ENST00000273857.9:c.1994A>G,p.H665R,"corin, serine peptidase","Scavenger receptor cysteine rich domain containing Proteases, serine",Q9Y5Q5-1,0.4064837905236910,,,,FALSE,FALSE,,0.752,,,,,FALSE,protein_coding,,4.11E-06,,Q9Y5Q5.203,,probably_damaging(0.999),0.0,0.201,0.0,FALSE,,48,ENST00000273857,,ENST00000273857;ENST00000610355;ENST00000508498;ENST00000502252;ENST00000505909;ENST00000504584;,,,,,HGNC:19012,rs893315087,NM_006587.4,deleterious_low_confidence(0),ENSP00000273857,ENSG00000145244,Damaging,,,,MODERATE,FALSE,likely_benign,0.2002,FALSE,,15/22,
MTHFD2L,chr4,74301730,SNV,missense_variant,T,C,0.445,36,26,0/1,,ENST00000325278.7:c.965T>C,p.V322A,methylenetetrahydrofolate dehydrogenase (NADP+ dependent) 2 like,,Q9H903-4,0.3241895261845390,,,,FALSE,FALSE,,0.675,,,,,FALSE,protein_coding,,0.0,,Q9H903.165,,probably_damaging(0.998),0.0,0.753,0.0,FALSE,,62,ENST00000325278,,,,,,,HGNC:31865,,NM_001144978.3,deleterious_low_confidence(0),ENSP00000321984,ENSG00000163738,Damaging,,,,MODERATE,FALSE,likely_pathogenic,0.8655,FALSE,,8/8,
MYOZ2,chr4,119164253,SNV,missense_variant,A,G,0.518,15,17,0/1,,ENST00000307128.6:c.419A>G,p.N140S,myozenin 2,,,0.3965087281795510,,,,FALSE,FALSE,,0.476,,,,,FALSE,protein_coding,,6.841E-07,,Q9NPC6.166,,probably_damaging(0.97),0.02,0.568,0.0,FALSE,uncertain_significance,32,ENST00000307128,,,,,,SO:0001583|missense_variant,HGNC:1330,rs745351307,NM_016599.5,deleterious(0.03),ENSP00000306997,ENSG00000172399,Damaging,,,,MODERATE,FALSE,likely_benign,0.3262,FALSE,,5/6,
TRPC3,chr4,121910161,SNV,missense_variant,G,T,0.297,33,13,0/1,,ENST00000379645.8:c.1785C>A,p.F595L,transient receptor potential cation channel subfamily C member 3,Transient receptor potential cation channels,Q13507-2,0.4389027431421450,,,,FALSE,FALSE,,0.412,,,,,FALSE,protein_coding,,0.0,,Q13507.207,,benign(0.031),0.0,0.195,0.0,FALSE,,46,ENST00000379645,,,,,,,HGNC:12335,COSV53376932,NM_001130698.2,deleterious_low_confidence(0),ENSP00000368966,ENSG00000138741,Damaging,,1,,MODERATE,FALSE,,,FALSE,,6/12,
ANKRD50,chr4,124669641,SNV,missense_variant,C,A,0.475,21,18,0/1,,ENST00000504087.6:c.3636G>T,p.L1212F,ankyrin repeat domain 50,Ankyrin repeat domain containing,Q9ULJ7-1,0.4114713216957610,,,,FALSE,FALSE,,0.159,,,,,FALSE,protein_coding,,0.0,,Q9ULJ7.176,,benign(0.125),0.92,0.493,0.0,FALSE,,39,ENST00000504087,,,,,,,HGNC:29223,,NM_020337.3,deleterious(0),ENSP00000425658,ENSG00000151458,Neutral,,,,MODERATE,FALSE,likely_benign,0.2265,FALSE,,4/5,
OTUD4,chr4,145144413,SNV,missense_variant,C,T,0.458,27,22,0/1,,ENST00000447906.8:c.1444G>A,p.A482T,OTU deubiquitinase 4,OTU domain containing,Q01804-1,0.341645885286783,,,,FALSE,FALSE,,0.053,,,,,FALSE,protein_coding,,0.0,,Q01804.182,,possibly_damaging(0.45),1.0,0.381,6.572E-06,FALSE,,49,ENST00000447906,,,,,,,HGNC:24949,rs1750725578,NM_001366057.1,deleterious(0.04),ENSP00000395487,ENSG00000164164,Neutral,,,,MODERATE,FALSE,likely_benign,0.0677,FALSE,,15/21,
EDNRA,chr4,147485869,SNV,missense_variant,G,C,0.546,19,25,0/1,,ENST00000651419.1:c.188G>C,p.G63A,endothelin receptor type A,Endothelin receptors,P25101-1,0.4463840399002490,,,,FALSE,FALSE,,0.056,,,,,FALSE,protein_coding,,0.0,,P25101.224,,benign(0.003),0.99,0.147,0.0,FALSE,,44,ENST00000651419,,,,,,,HGNC:3179,,NM_001957.4,tolerated_low_confidence(0.43),ENSP00000498969,ENSG00000151617,Neutral,,,,MODERATE,FALSE,likely_benign,0.088,FALSE,,2/8,
FAT1,chr4,186588828,SNV,missense_variant,T,C,0.395,22,15,0/1,,ENST00000441802.7:c.13531A>G,p.T4511A,FAT atypical cadherin 1,Cadherin related,,0.5386533665835410,,,,TRUE,FALSE,,0.029,,,,,FALSE,protein_coding,,6.841E-07,,Q14517.209,,benign(0),0.0,0.712,0.0,FALSE,,37,ENST00000441802,,,,,,,HGNC:3595,rs2126350873,NM_005245.4,tolerated_low_confidence(0.63),ENSP00000406229,ENSG00000083857,Neutral,,,,MODERATE,FALSE,likely_benign,0.0581,FALSE,,27/27,
RETREG1,chr5,16474815,SNV,missense_variant,G,T,0.521,24,29,0/1,,ENST00000306320.10:c.1420C>A,p.Q474K,reticulophagy regulator 1,,Q9H6L5-1,0.4064837905236910,,,,FALSE,FALSE,,0.077,,,,,FALSE,protein_coding,,0.0,,Q9H6L5.156,,benign(0.006),,,0.0,FALSE,,53,ENST00000306320,,,,,,,HGNC:25964,,NM_001034850.3,tolerated(0.19),ENSP00000304642,ENSG00000154153,Neutral,,,,MODERATE,FALSE,likely_benign,0.0681,FALSE,,9/9,
SKIC3,chr5,95523311,SNV,missense_variant,T,C,0.436,26,20,0/1,,ENST00000358746.7:c.1648A>G,p.I550V,tetratricopeptide repeat domain 37,Tetratricopeptide repeat domain containing,,0.3291770573566080,,,,FALSE,FALSE,,0.025,,,,,FALSE,protein_coding,,7.528E-06,,Q6PGP7.167,,benign(0.005),,,6.572E-06,FALSE,uncertain_significance,46,ENST00000358746,,,,,,SO:0001583|missense_variant,HGNC:23639,rs373487176&COSV62456128,NM_014639.4,tolerated(0.37),ENSP00000351596,ENSG00000198677,Neutral,,0&1,,MODERATE,FALSE,likely_benign,0.0761,FALSE,,18/43,
SLC25A46,chr5,110746323,SNV,missense_variant,A,C,0.159,24,4,0/1,,ENST00000355943.8:c.439A>C,p.M147L,solute carrier family 25 member 46,Solute carriers,Q96AG3-1,0.2768079800498750,,,,FALSE,FALSE,,0.343,,,,,FALSE,protein_coding,,0.0,,Q96AG3.159,,benign(0.029),0.0,0.373,0.0,FALSE,,28,ENST00000355943,,,,,,,HGNC:25198,,NM_138773.4,tolerated(0.16),ENSP00000348211,ENSG00000164209,Neutral,,,,MODERATE,FALSE,likely_benign,0.2797,FALSE,,4/8,
IL4,chr5,132674136,SNV,missense_variant,T,C,0.558,24,29,0/1,,ENST00000231449.7:c.86T>C,p.I29T,interleukin 4,Interleukins,P05112-1,0.4688279301745640,,,,FALSE,FALSE,,0.099,,,,,FALSE,protein_coding,,0.0,,P05112.245,,,0.17,0.618,0.0,FALSE,,53,ENST00000231449,,,,,,,HGNC:6014,,NM_000589.4,tolerated(0.46),ENSP00000231449,ENSG00000113520,Neutral,,,,MODERATE,FALSE,likely_benign,0.1735,FALSE,,1/4,
CDC23,chr5,138213178,SNV,missense_variant,C,G,0.493,39,35,0/1,,ENST00000394886.7:c.135G>C,p.E45D,cell division cycle 23,Anaphase promoting complex  Tetratricopeptide repeat domain containing,Q9UJX2-1,0.5660847880299250,,,,FALSE,FALSE,,0.137,,,,,FALSE,protein_coding,,0.0,,Q9UJX2.213,,benign(0.094),1.0,0.234,0.0,FALSE,,74,ENST00000394886,,,,,,,HGNC:1724,COSV101202972,NM_004661.4,tolerated(0.23),ENSP00000378350,ENSG00000094880,Neutral,,1,,MODERATE,FALSE,likely_benign,0.1847,FALSE,,1/16,
ATP10B,chr5,160565457,SNV,missense_variant,A,G,0.333,27,14,0/1,,ENST00000327245.10:c.4382T>C,p.I1461T,ATPase phospholipid transporting 10B (putative),ATPase phospholipid transporting,O94823-1,0.5187032418952620,,,,FALSE,FALSE,,0.124,,,,,FALSE,protein_coding,,2.737E-06,,O94823.193,,benign(0.158),0.0,0.322,0.0,FALSE,,41,ENST00000327245,,,,,,,HGNC:13543,rs1754471497,NM_025153.3,deleterious_low_confidence(0),ENSP00000313600,ENSG00000118322,Neutral,,,,MODERATE,FALSE,ambiguous,0.5428,FALSE,,26/26,
DDX41,chr5,177511809,SNV,missense_variant,G,C,0.526,27,33,0/1,,ENST00000330503.12:c.1851C>G,p.H617Q,DEAD-box helicase 41,Spliceosomal P complex DEAD-box helicases Spliceosomal C complex,,0.5960099750623440,,,,FALSE,FALSE,,0.022,,,,,FALSE,protein_coding,,0.0,,Q9UJV9.222,,benign(0.003),0.0,,0.0,FALSE,,60,ENST00000330503,,,,,,,HGNC:18674,,NM_016222.4,tolerated(0.1),ENSP00000330349,ENSG00000183258,Neutral,,,,MODERATE,FALSE,likely_benign,0.1657,FALSE,,17/17,
KIF13A,chr6,17773530,SNV,missense_variant,A,C,0.386,31,18,0/1,,ENST00000259711.11:c.4272T>G,p.D1424E,kinesin family member 13A,Kinesins,Q9H1H9-1,0.3192019950124690,,,,FALSE,FALSE,,0.247,,,,,FALSE,protein_coding,,0.0,,Q9H1H9.182,,benign(0.124),1.0,0.554,0.0,FALSE,,49,ENST00000259711,,,,,,,HGNC:14566,,NM_022113.6,deleterious_low_confidence(0),ENSP00000259711,ENSG00000137177,Neutral,,,,MODERATE,FALSE,likely_benign,0.1763,FALSE,,36/39,
H1-5,chr6,27867315,SNV,missense_variant,C,A,0.569,25,32,0/1,,ENST00000331442.5:c.215G>T,p.G72V,,,,0.6134663341645890,,,,FALSE,FALSE,,0.191,,,,,FALSE,protein_coding,,0.0,,P16401.205,,probably_damaging(0.98),,,0.0,FALSE,,57,ENST00000331442,,,,,,,HGNC:4719,,NM_005322.3,deleterious(0.01),ENSP00000330074,ENSG00000184357,Damaging,,,,MODERATE,FALSE,likely_pathogenic,0.5939,FALSE,,1/1,
HLA-A,chr6,29944375,substitution,missense_variant,CA,AG,0.235,12,3,0/1,,ENST00000376809.10:c.873_874delinsAG,p.K292E,"major histocompatibility complex, class I, A",C1-set domain containing Histocompatibility complex,P04439-1,0.6144278606965170,,,,FALSE,FALSE,,,,,,,FALSE,protein_coding,,0.0,,P04439.216,,,0.13,0.944,0.0,FALSE,,15,ENST00000376809,,,,,,,HGNC:4931,COSV65147332,NM_002116.8,,ENSP00000366005,ENSG00000206503,,,1,,MODERATE,FALSE,,,FALSE,,4/8,
PKHD1,chr6,51791362,SNV,missense_variant,G,A,0.5,17,17,0/1,,ENST00000371117.8:c.8314C>T,p.L2772F,"PKHD1, fibrocystin/polyductin",,P08F94-1,0.4389027431421450,,,,FALSE,FALSE,,0.596,,,,,FALSE,protein_coding,,0.0,,P08F94.112,,probably_damaging(0.937),0.0,0.00772,0.0,FALSE,,34,ENST00000371117,,,,,,,HGNC:9016,COSV105241563,NM_138694.4,deleterious(0.04),ENSP00000360158,ENSG00000170927,Neutral,,1,,MODERATE,FALSE,likely_benign,0.0904,FALSE,,53/67,
KHDRBS2,chr6,62285863,SNV,missense_variant,G,T,0.512,20,21,0/1,,ENST00000281156.5:c.86C>A,p.A29E,"KH RNA binding domain containing, signal transduction associated 2",Signal transduction and activation of RNA metabolism family,,0.628428927680798,,,,FALSE,FALSE,,0.076,,,,,FALSE,protein_coding,,0.0,,Q5VWX1.174,,benign(0.007),0.14,0.5,0.0,FALSE,,41,ENST00000281156,,,,,,,HGNC:18114,,NM_152688.4,tolerated(0.37),ENSP00000281156,ENSG00000112232,Neutral,,,,MODERATE,FALSE,likely_benign,0.2659,FALSE,,1/9,
CASP8AP2,chr6,89867825,SNV,missense_variant,G,T,0.419,22,14,0/1,,ENST00000551025.4:c.4535G>T,p.W1512L,caspase 8 associated protein 2,,,0.4189526184538650,,,,FALSE,FALSE,,,,,,,FALSE,protein_coding,,0.0,,,,probably_damaging(0.992),,,0.0,FALSE,,36,ENST00000551025,,,,,,,HGNC:1510,,,deleterious(0),ENSP00000478179,ENSG00000118412,,,,,MODERATE,FALSE,,,FALSE,,8/9,
NCOA7,chr6,125889850,SNV,missense_variant,C,T,0.588,21,31,0/1,,ENST00000392477.7:c.1796C>T,p.A599V,nuclear receptor coactivator 7,,Q8NI08-1,0.4089775561097260,,,,FALSE,FALSE,,0.05,,,,,FALSE,protein_coding,,0.0,,Q8NI08.173,,benign(0.047),0.96,0.811,0.0,FALSE,,52,ENST00000392477,,,,,,,HGNC:21081,,NM_181782.5,deleterious(0.05),ENSP00000376269,ENSG00000111912,Neutral,,,,MODERATE,FALSE,likely_benign,0.08,FALSE,,9/16,
PDE7B,chr6,136181230,substitution,missense_variant,GC,TA,0.408,30,19,0/1,,ENST00000308191.11:c.952_953delinsTA,p.A318Y,phosphodiesterase 7B,Phosphodiesterases,,0.445273631840796,,,,FALSE,FALSE,,,,,,,FALSE,protein_coding,,0.0,,Q9NP56.181,,probably_damaging(1),0.95,0.427,0.0,FALSE,,49,ENST00000308191,,,,,,,HGNC:8792,,NM_018945.4,deleterious_low_confidence(0),ENSP00000310661,ENSG00000171408,,,,,MODERATE,FALSE,,,FALSE,,11/13,
HOXA3,chr7,27108082,SNV,missense_variant,G,A,0.5,22,24,0/1,,ENST00000612286.5:c.1165C>T,p.P389S,homeobox A3,HOXL subclass homeoboxes,,0.6807980049875310,,,,FALSE,FALSE,,0.234,,,,,FALSE,protein_coding,,7.531E-06,,O43365.197,,unknown(0),0.93,0.179,0.0,FALSE,,46,ENST00000612286,,,,,,,HGNC:5104,rs776948256&COSV100415510,NM_153631.3,tolerated(0.38),ENSP00000484411,ENSG00000105997,Neutral,,0&1,,MODERATE,FALSE,likely_benign,0.0806,FALSE,,6/6,
MYO1G,chr7,44964156,SNV,missense_variant,G,C,0.528,24,30,0/1,,ENST00000258787.12:c.2638C>G,p.R880G,myosin IG,"Minor histocompatibility antigens Myosins, class I",B0I1T2-1,0.6384039900249380,,,,FALSE,FALSE,,0.318,,,,,FALSE,protein_coding,,0.0,,B0I1T2.121,,possibly_damaging(0.836),0.0,0.144,0.0,FALSE,,54,ENST00000258787,,,,,,,HGNC:13880,,NM_033054.3,deleterious_low_confidence(0.01),ENSP00000258787,ENSG00000136286,Damaging,,,,MODERATE,FALSE,ambiguous,0.4092,FALSE,,20/22,
ABCB1,chr7,87550762,SNV,missense_variant,C,A,0.464,21,19,0/1,,ENST00000622132.5:c.1076G>T,p.R359I,ATP binding cassette subfamily B member 1,CD molecules ATP binding cassette subfamily B,P08183-1,0.3366583541147130,,,,FALSE,FALSE,,0.416,,,,,FALSE,protein_coding,,0.0,,P08183.248,,probably_damaging(0.997),0.73,0.0227,0.0,FALSE,,40,ENST00000622132,,,,,,,HGNC:40,,NM_001348946.2,deleterious_low_confidence(0),ENSP00000478255,ENSG00000085563,Damaging,,,,MODERATE,FALSE,likely_pathogenic,0.8458,FALSE,,10/28,
DBF4,chr7,87878059,SNV,missense_variant,T,A,0.581,20,25,0/1,,ENST00000265728.6:c.53T>A,p.I18N,DBF4 zinc finger,Zinc fingers DBF-type,Q9UBU7-1,0.3316708229426430,,,,FALSE,FALSE,,0.08,,,,,FALSE,protein_coding,,0.0,,Q9UBU7.178,,probably_damaging(0.926),1.0,0.437,0.0,FALSE,,45,ENST00000265728,,,,,,,HGNC:17364,,NM_006716.4,deleterious(0),ENSP00000265728,ENSG00000006634,Neutral,,,,MODERATE,FALSE,ambiguous,0.3549,FALSE,,2/12,
SAMD9L,chr7,93132006,SNV,missense_variant,T,A,0.548,18,23,0/1,,ENST00000318238.9:c.3966A>T,p.L1322F,sterile alpha motif domain containing 9 like,Sterile alpha motif domain containing,Q8IVG5-1,0.3541147132169580,,,,FALSE,FALSE,,0.023,,,,,FALSE,protein_coding,,0.0,,Q8IVG5.144,,benign(0.003),0.0,,0.0,FALSE,,41,ENST00000318238,,,,,,,HGNC:1349,,NM_152703.5,tolerated(0.7),ENSP00000326247,ENSG00000177409,Neutral,,,,MODERATE,FALSE,likely_benign,0.0768,FALSE,,5/5,
GNB2,chr7,100677511,SNV,missense_variant,C,T,0.539,30,35,0/1,,ENST00000303210.9:c.281C>T,p.P94L,G protein subunit beta 2,G protein subunits beta WD repeat domain containing,P62879-1,0.6683291770573570,,,,FALSE,FALSE,,0.332,,,,,FALSE,protein_coding,,4.106E-06,,P62879.190,,benign(0.183),0.99,,0.0,FALSE,,65,ENST00000303210,,,,,,,HGNC:4398,rs748992448&COSV51941658,NM_005273.4,deleterious_low_confidence(0),ENSP00000305260,ENSG00000172354,Damaging,,0&1,,MODERATE,FALSE,likely_pathogenic,0.9635,FALSE,,6/10,
SLC12A9,chr7,100854641,SNV,missense_variant,G,A,0.504,25,25,0/1,,ENST00000354161.8:c.203G>A,p.G68E,solute carrier family 12 member 9,Solute carriers,Q9BXP2-1,0.600997506234414,,,,FALSE,FALSE,,0.985,,,,,FALSE,protein_coding,,0.0,,Q9BXP2.162,,probably_damaging(0.999),0.0,,0.0,FALSE,,50,ENST00000354161,,ENST00000540482;ENST00000354161;ENST00000434158;,,,,,HGNC:17435,COSV99308105,NM_020246.4,deleterious(0),ENSP00000275730,ENSG00000146828,Damaging,,1,,MODERATE,FALSE,likely_pathogenic,0.9932,FALSE,,3/14,
MUC3A,chr7,100959980,SNV,missense_variant,C,T,0.202,75,18,0/1,,ENST00000379458.9:c.8201C>T,p.S2734F,"mucin 3A, cell surface associated",Mucins,Q02505-1,0.4588528678304240,,,,FALSE,FALSE,,0.044,,,,,FALSE,protein_coding,,1.476E-06,,Q02505.165,,probably_damaging(0.922),,,6.566E-06,FALSE,,93,ENST00000379458,,,,,,,HGNC:7513,rs778701841,NM_005960.2,tolerated(0.14),ENSP00000368771,ENSG00000169894,,,,,MODERATE,FALSE,likely_benign,0.1811,FALSE,,2/12,
NAPEPLD,chr7,103119887,SNV,missense_variant,C,A,0.532,22,25,0|1,103119885.0,ENST00000465647.6:c.631G>T,p.V211L,N-acyl phosphatidylethanolamine phospholipase D,,,0.4763092269326680,,,,FALSE,FALSE,,0.792,,,,,FALSE,protein_coding,,0.0,,Q6IQ20.155,,probably_damaging(0.992),0.06,0.474,0.0,FALSE,,47,ENST00000465647,,ENST00000341533;ENST00000417955;ENST00000465647;ENST00000427257;,,,,,HGNC:21683,,NM_001122838.3,deleterious(0),ENSP00000419188,ENSG00000161048,Damaging,,,,MODERATE,FALSE,likely_pathogenic,0.689,FALSE,,3/5,
RELN,chr7,103483775,SNV,missense_variant,G,C,0.455,31,25,0/1,,ENST00000428762.6:c.10059C>G,p.H3353Q,reelin,,P78509-1,0.486284289276808,,,,FALSE,FALSE,,0.067,,,,,FALSE,protein_coding,,0.0,,P78509.208,,benign(0),1.0,0.175,0.0,FALSE,,56,ENST00000428762,,,,,,,HGNC:9957,,NM_005045.4,tolerated(0.07),ENSP00000392423,ENSG00000189056,Neutral,,,,MODERATE,FALSE,likely_benign,0.0785,FALSE,,62/65,
RELN,chr7,103540378,SNV,missense_variant,T,C,0.538,20,25,0/1,,ENST00000428762.6:c.6749A>G,p.Y2250C,reelin,,P78509-1,0.486284289276808,,,,FALSE,FALSE,,0.235,,,,,FALSE,protein_coding,,0.0,,P78509.208,,possibly_damaging(0.861),1.0,0.175,0.0,FALSE,,45,ENST00000428762,,,,,,,HGNC:9957,,NM_005045.4,deleterious(0),ENSP00000392423,ENSG00000189056,Damaging,,,,MODERATE,FALSE,ambiguous,0.5251,FALSE,,44/65,
DEFB134,chr8,11994037,SNV,missense_variant,T,A,0.594,12,19,0/1,,ENST00000382205.6:c.144A>T,p.L48F,defensin beta 134,"Defensins, beta",,0.3890274314214460,,,,FALSE,FALSE,,0.069,,,,,FALSE,protein_coding,,0.0,,Q4QY38.116,,probably_damaging(0.962),0.03,0.331,0.0,FALSE,,31,ENST00000382205,,,,,,,HGNC:32399,,NM_001302695.2,deleterious(0),ENSP00000371640,ENSG00000205882,Neutral,,,,MODERATE,FALSE,ambiguous,0.4514,FALSE,,3/3,
LPL,chr8,19954350,SNV,missense_variant,G,C,0.515,20,23,0/1,,ENST00000650287.1:c.772G>C,p.G258R,lipoprotein lipase,Lipases,,0.4164588528678300,,,,FALSE,FALSE,,0.444,,,,,FALSE,protein_coding,,2.739E-06,,P06858.258,,benign(0.021),0.0,0.197,0.0,FALSE,uncertain_significance,43,ENST00000650287,,,,,,SO:0001583|missense_variant,HGNC:6677,rs2069964215,NM_000237.3,tolerated(0.35),ENSP00000497642,ENSG00000175445,Neutral,,,,MODERATE,FALSE,likely_benign,0.1814,FALSE,,5/10,
TEX15,chr8,30847004,SNV,missense_variant,T,C,0.54,16,20,0/1,,ENST00000643185.2:c.3163A>G,p.I1055V,"testis expressed 15, meiosis and synapsis associated",,,0.3466334164588530,,,,FALSE,FALSE,,0.026,,,,,FALSE,protein_coding,,0.0,,,,benign(0),0.0,0.968,0.0,FALSE,,36,ENST00000643185,,,,,,,HGNC:11738,,NM_001350162.2,tolerated(0.19),ENSP00000493555,ENSG00000133863,Neutral,,,,MODERATE,FALSE,,,FALSE,,8/11,
WRN,chr8,31167220,SNV,missense_variant,T,C,0.457,19,17,0/1,,ENST00000298139.7:c.4181T>C,p.I1394T,Werner syndrome RecQ like helicase,Exonucleases RecQ like helicases,,0.3366583541147130,,,,FALSE,FALSE,,0.063,,,,,FALSE,protein_coding,,0.0,,Q14191.243,,,0.0,0.988,0.0,FALSE,,36,ENST00000298139,,,,,,,HGNC:12791,rs2130515519,NM_000553.6,tolerated(0.94),ENSP00000298139,ENSG00000165392,Neutral,,,,MODERATE,FALSE,likely_benign,0.0718,FALSE,,34/35,
RP1,chr8,54755670,SNV,missense_variant,C,G,0.6,20,29,0/1,,ENST00000636932.1:c.2993C>G,p.T998R,"RP1, axonemal microtubule associated",Doublecortin superfamily,,0.3940149625935160,,,,FALSE,FALSE,,0.294,,,,,FALSE,protein_coding,,3.614E-06,,,,probably_damaging(0.936),0.0,0.497,0.0,FALSE,,49,ENST00000636932,,,,,,,HGNC:10263,rs774953241&COSV73141000,,deleterious(0.01),ENSP00000489857,ENSG00000104237,,,0&1,,MODERATE,FALSE,,,FALSE,,21/23,
DNAJC5B,chr8,66051559,SNV,missense_variant,C,A,0.539,20,22,0/1,,ENST00000276570.10:c.12C>A,p.N4K,DnaJ heat shock protein family (Hsp40) member C5 beta,DNAJ (HSP40) heat shock proteins,,0.3965087281795510,,,,FALSE,FALSE,,0.047,,,,,FALSE,protein_coding,,0.0,,Q9UF47.154,,benign(0.017),0.01,0.676,0.0,FALSE,,42,ENST00000276570,,,,,,,HGNC:24138,,NM_033105.6,tolerated_low_confidence(0.71),ENSP00000276570,ENSG00000147570,Neutral,,,,MODERATE,FALSE,likely_benign,0.1439,FALSE,,3/6,
FREM1,chr9,14812927,SNV,missense_variant,C,G,0.529,15,17,0/1,,ENST00000380880.4:c.2778G>C,p.L926F,FRAS1 related extracellular matrix 1,C-type lectin domain containing,Q5H8C1-1,0.4663341645885290,,,,FALSE,FALSE,,0.451,,,,,FALSE,protein_coding,,0.0,,Q5H8C1.170,,probably_damaging(1),,0.995,0.0,FALSE,,32,ENST00000380880,,,,,,,HGNC:23399,,NM_001379081.2,deleterious(0),ENSP00000370262,ENSG00000164946,Damaging,,,,MODERATE,FALSE,likely_pathogenic,0.6175,FALSE,,16/37,
IZUMO3,chr9,24545489,SNV,missense_variant,T,A,0.45,23,17,0/1,,ENST00000543880.7:c.161A>T,p.Q54L,IZUMO family member 3,IZUMO family,,0.5037406483790520,,,,FALSE,FALSE,,0.202,,,,,FALSE,protein_coding,,0.0,,Q5VZ72.111,,unknown(0),,,0.0,FALSE,,40,ENST00000543880,,,,,,,HGNC:31421,,NM_001365008.2,deleterious(0),ENSP00000438895,ENSG00000205442,Damaging,,,,MODERATE,FALSE,ambiguous,0.3589,FALSE,,1/7,
IFT74,chr9,27060594,SNV,missense_variant,A,C,0.478,22,21,0/1,,ENST00000380062.10:c.1627A>C,p.T543P,intraflagellar transport 74,Intraflagellar transport proteins,Q96LB3-1,0.3640897755610970,,,,FALSE,FALSE,,0.133,,,,,FALSE,protein_coding,,6.279E-06,,Q96LB3.167,,possibly_damaging(0.553),0.0,0.962,0.0,FALSE,uncertain_significance,43,ENST00000380062,,,,,,SO:0001583|missense_variant,HGNC:21424,rs761724311,NM_025103.4,deleterious(0.03),ENSP00000369402,ENSG00000096872,Neutral,,,,MODERATE,FALSE,ambiguous,0.5229,FALSE,,19/20,
KIF27,chr9,83837254,SNV,missense_variant,C,T,0.679,9,19,0/1,,ENST00000297814.7:c.3953G>A,p.G1318D,kinesin family member 27,Kinesins,Q86VH2-1,0.4164588528678300,,,,FALSE,FALSE,,0.075,,,,,FALSE,protein_coding,,0.0,,Q86VH2.160,,benign(0.025),0.0,0.978,0.0,FALSE,,28,ENST00000297814,,,,,,,HGNC:18632,,NM_017576.4,deleterious(0.02),ENSP00000297814,ENSG00000165115,Neutral,,,,MODERATE,FALSE,likely_benign,0.0841,FALSE,,18/18,
TMEM245,chr9,109108492,SNV,missense_variant,C,T,0.397,16,10,0/1,,ENST00000374586.8:c.658G>A,p.V220I,transmembrane protein 245,,Q9H330-2,0.3316708229426430,,,,FALSE,FALSE,,0.068,,,,,FALSE,protein_coding,,6.983E-07,,Q9H330.149,,benign(0.001),0.0,,0.0,FALSE,,26,ENST00000374586,,,,,,,HGNC:1363,rs1265728121,NM_032012.4,tolerated_low_confidence(1),ENSP00000363714,ENSG00000106771,Neutral,,,,MODERATE,FALSE,likely_benign,0.0662,FALSE,,2/18,
AKNA,chr9,114350899,SNV,missense_variant,C,G,0.572,20,28,0/1,,ENST00000374088.8:c.3181G>C,p.E1061Q,AT-hook transcription factor,,Q7Z591-1,0.5810473815461350,,,,FALSE,FALSE,,0.079,,,,,FALSE,protein_coding,,0.0,,Q7Z591.147,,possibly_damaging(0.611),0.03,0.706,0.0,FALSE,,48,ENST00000374088,,,,,,,HGNC:24108,,NM_001317950.2,tolerated(0.08),ENSP00000363201,ENSG00000106948,Neutral,,,,MODERATE,FALSE,likely_benign,0.1063,FALSE,,15/22,
CNTRL,chr9,121173318,SNV,missense_variant,A,G,0.461,35,30,0/1,,ENST00000373855.7:c.6493A>G,p.K2165E,centriolin,,Q7Z7A1-1,0.3516209476309230,,,,FALSE,FALSE,,0.164,,,,,FALSE,protein_coding,,6.841E-07,,Q7Z7A1.168,,benign(0.146),0.0,,0.0,FALSE,,65,ENST00000373855,,,,,,,HGNC:1858,rs2053385663,NM_007018.6,tolerated(0.69),ENSP00000362962,ENSG00000119397,Neutral,,,,MODERATE,FALSE,likely_benign,0.3031,FALSE,,41/44,
STOM,chr9,121356070,SNV,missense_variant,T,C,0.526,27,30,0/1,,ENST00000286713.7:c.148A>G,p.I50V,stomatin,,P27105-1,0.3940149625935160,,,,FALSE,FALSE,,0.295,,,,,FALSE,protein_coding,,3.42E-06,,P27105.217,,benign(0.007),0.0,0.44,0.0,FALSE,,57,ENST00000286713,,,,,,,HGNC:3383,rs768429679,NM_004099.6,tolerated_low_confidence(0.14),ENSP00000286713,ENSG00000148175,Neutral,,,,MODERATE,FALSE,likely_benign,0.0717,FALSE,,2/7,
OR1J2,chr9,122511033,SNV,missense_variant,G,A,0.471,20,17,0/1,,ENST00000335302.5:c.232G>A,p.V78I,olfactory receptor family 1 subfamily J member 2,"Olfactory receptors, family 1",,0.486284289276808,,,,FALSE,FALSE,,0.068,,,,,FALSE,protein_coding,,0.0,,Q8NGS2.162,,benign(0.012),0.0,0.844,0.0,FALSE,,37,ENST00000335302,,,,,,,HGNC:8209,rs755703163,NM_054107.1,tolerated_low_confidence(0.15),ENSP00000335575,ENSG00000197233,Neutral,,,,MODERATE,FALSE,likely_benign,0.0833,FALSE,,1/1,
DENND1A,chr9,123381601,SNV,missense_variant,G,T,0.429,43,34,0/1,,ENST00000394215.7:c.3044C>A,p.P1015H,DENN domain containing 1A,DENN/MADD domain containing,,0.6683291770573570,,,,FALSE,FALSE,,0.069,,,,,FALSE,protein_coding,,0.0,,,,possibly_damaging(0.841),0.9,0.256,0.0,FALSE,,77,ENST00000394215,,,,,,,HGNC:29324,,NM_001352964.2,deleterious_low_confidence(0.01),ENSP00000377763,ENSG00000119522,Neutral,,,,MODERATE,FALSE,,,FALSE,,24/24,
KCNT1,chr9,135772838,SNV,missense_variant,C,T,0.552,27,31,0/1,,ENST00000371757.7:c.2132C>T,p.A711V,potassium sodium-activated channel subfamily T member 1,Potassium sodium-activated channel subfamily T ,Q5JUK3-3,0.6957605985037410,,,,FALSE,FALSE,,0.186,,,,,FALSE,protein_coding,,2.163E-06,,Q5JUK3.167,,benign(0.122),0.01,0.577,0.0,FALSE,uncertain_significance,58,ENST00000371757,,,,,,SO:0001583|missense_variant,HGNC:18865,rs1312096992&COSV53696431,NM_020822.3,deleterious_low_confidence(0),ENSP00000360822,ENSG00000107147,Neutral,,0&1,,MODERATE,FALSE,,,FALSE,,19/31,
MT-ND4,chrM,11969,SNV,missense_variant,G,A,1.0,1,7275,1|1,,ENST00000361381.2:c.1210G>A,p.A404T,mitochondrially encoded NADH:ubiquinone oxidoreductase core subunit 4,NADH:ubiquinone oxidoreductase core subunits,,0.4413965087281800,,,,FALSE,FALSE,,,,,,,FALSE,protein_coding,,0.0,,P03905.208,,benign(0.003),,,0.0,FALSE,benign,7276,ENST00000361381,,,,,,,HGNC:7459,rs28359169&COSV106107902,,deleterious_low_confidence(0.02),ENSP00000354961,ENSG00000198886,,,0&1,,MODERATE,FALSE,likely_benign,0.1718,FALSE,,1/1,
MT-ND5,chrM,13966,SNV,missense_variant,A,G,1.0,0,7144,1|1,,ENST00000361567.2:c.1630A>G,p.T544A,mitochondrially encoded NADH:ubiquinone oxidoreductase core subunit 5,NADH:ubiquinone oxidoreductase core subunits,,0.4389027431421450,,,,FALSE,FALSE,,,,,,,FALSE,protein_coding,,0.0,,P03915.216,,benign(0.005),,,0.0,FALSE,benign,7144,ENST00000361567,,,,,,,HGNC:7461,rs41535848,,tolerated_low_confidence(0.21),ENSP00000354813,ENSG00000198786,,,,,MODERATE,FALSE,likely_benign,0.0861,FALSE,,1/1,
SCML2,chrX,18265590,SNV,missense_variant,T,C,0.529,24,26,0/1,,ENST00000251900.9:c.943A>G,p.K315E,Scm polycomb group protein like 2,Sterile alpha motif domain containing MBT domain containing,Q9UQR0-1,0.3566084788029930,,,,FALSE,FALSE,,0.108,,,,,FALSE,protein_coding,,0.0,,Q9UQR0.190,,benign(0.047),1.0,0.135,0.0,FALSE,,50,ENST00000251900,,,,,,,HGNC:10581,COSV52620450,NM_006089.3,tolerated(0.17),ENSP00000251900,ENSG00000102098,Neutral,,1,,MODERATE,FALSE,likely_benign,0.1584,FALSE,,8/15,
SUPT20HL2,chrX,24311197,SNV,missense_variant,G,T,0.623,20,32,0/1,,ENST00000486479.3:c.2119C>A,p.Q707K,SUPT20H like 2,,,0.6209476309226930,,,,FALSE,FALSE,,,,,,,FALSE,protein_coding,,0.0,,P0C7V6.73,,benign(0.301),,,0.0,FALSE,,52,ENST00000486479,,,,,,,HGNC:31797,,NM_001136233.3,deleterious(0.01),ENSP00000503941,ENSG00000223611,,,,,MODERATE,FALSE,,,FALSE,,1/1,
PIM2,chrX,48914520,SNV,missense_variant,G,T,0.383,29,19,0/1,,ENST00000376509.4:c.647C>A,p.A216E,"Pim-2 proto-oncogene, serine/threonine kinase",,,0.5386533665835410,,,,FALSE,FALSE,,0.217,,,,,FALSE,protein_coding,,0.0,,Q9P1W9.185,,probably_damaging(0.912),0.89,,0.0,FALSE,,48,ENST00000376509,,,,,,,HGNC:8987,COSV99900063,NM_006875.4,deleterious(0),ENSP00000365692,ENSG00000102096,Damaging,,1,,MODERATE,FALSE,likely_pathogenic,0.9873,FALSE,,5/6,
SRPK3,chrX,153784961,SNV,missense_variant,C,G,0.483,30,29,0/1,,ENST00000370101.8:c.1384C>G,p.L462V,SRSF protein kinase 3,,Q9UPE1-1,0.6608478802992520,,,,FALSE,FALSE,,0.282,,,,,FALSE,protein_coding,,0.0,,Q9UPE1.187,,possibly_damaging(0.636),0.18,0.652,0.0,FALSE,,59,ENST00000370101,,,,,,,HGNC:11402,,NM_014370.4,deleterious(0.01),ENSP00000359119,ENSG00000184343,Damaging,,,,MODERATE,FALSE,likely_pathogenic,0.9624,FALSE,,13/15,
BRWD3,chrX,80685479,insertion,inframe_insertion,C,CTTGTTG,0.488,27,27,0/1,,ENST00000373275.5:c.4057_4062dup,p.Q1353_Q1354dup,bromodomain and WD repeat domain containing 3,X-linked mental retardation Bromodomain containing WD repeat domain containing,Q6RI45-1,0.3575,,,,FALSE,FALSE,,,,,,,FALSE,protein_coding,,9.136E-07,,Q6RI45.155,,,1.0,0.0934,0.0,FALSE,,54,ENST00000373275,,,,,,SO:0001821|inframe_insertion,HGNC:17342,rs2072508456,NM_153252.5,,ENSP00000362372,ENSG00000165288,,,,,MODERATE,FALSE,,,FALSE,,36/41,
OR1L1,chr9,122662158,deletion,inframe_deletion,CCTT,C,0.537,19,21,0/1,,ENST00000309623.1:c.446_448del,p.F149del,olfactory receptor family 1 subfamily L member 1,"Olfactory receptors, family 1",,0.4416873449131510,,,,FALSE,FALSE,,,,,,,FALSE,protein_coding,,8.209E-06,,,,,0.0,0.889,6.572E-06,FALSE,,40,ENST00000309623,,,,,,,HGNC:8213,rs1439976743,NM_001005236.3,,ENSP00000310773,ENSG00000173679,,,,,MODERATE,FALSE,,,FALSE,,1/1,
SETX,chr9,132326636,deletion,inframe_deletion,ATTC,A,0.556,21,26,0/1,,ENST00000224140.6:c.4959_4961del,p.K1653del,senataxin,UPF1 like RNA helicases,Q7Z333-1,0.3970223325062040,,,,FALSE,FALSE,,,,,,,FALSE,protein_coding,,7.526E-06,,Q7Z333.189,,,0.2,0.0245,0.0,FALSE,,47,ENST00000224140,,,,,,,HGNC:445,rs752372538,NM_015046.7,,ENSP00000224140,ENSG00000107290,,,,,MODERATE,FALSE,,,FALSE,,10/26,
PRPF18,chr10,13611650,deletion,frameshift_variant,TA,T,0.463,28,24,0/1,,ENST00000378572.8:c.549del,p.D184TfsTer9,pre-mRNA processing factor 18,Spliceosomal C complex,Q99633-1,0.3765586034912720,,,,TRUE,FALSE,,,,,,,FALSE,protein_coding,PRPF18,0.0,ENSG00000165630.15,Q99633.186,,,0.1,0.33,0.0,FALSE,,52,ENST00000378572,1.0,,,,,,HGNC:17351,,NM_003675.4,,ENSP00000367835,ENSG00000165630,,,,1.0,HIGH,FALSE,,,FALSE,,6/10,
SCPEP1,chr17,56995581,deletion,frameshift_variant,GC,G,0.4,30,22,0/1,,ENST00000262288.8:c.733del,p.L245SfsTer14,serine carboxypeptidase 1,M14 carboxypeptidases,Q9HB40-1,0.4837905236907730,,,,TRUE,FALSE,,,,,,,FALSE,protein_coding,SCPEP1,0.0,ENSG00000121064.13,Q9HB40.183,,,0.0,0.398,0.0,FALSE,,52,ENST00000262288,1.0,,,,,,HGNC:29507,,NM_021626.3,,ENSP00000262288,ENSG00000121064,,,,1.0,HIGH,FALSE,,,FALSE,,8/13,
TMC8,chr17,78131699,deletion,frameshift_variant,CG,C,0.484,34,29,0/1,,ENST00000318430.10:c.114del,p.L39CfsTer5,transmembrane channel like 6,Transmembrane channel likes,Q8IU68-1,0.7331670822942640,,,,TRUE,FALSE,,,,,,,FALSE,protein_coding,TMC8,0.0,ENSG00000167895.16,Q8IU68.150,,,0.0,0.899,0.0,FALSE,,63,ENST00000318430,1.0,,,,,,HGNC:20474,,NM_152468.5,,ENSP00000325561,ENSG00000167895,,,,1.0,HIGH,FALSE,,,FALSE,,2/16,
RANBP3L,chr5,36249676,deletion,frameshift_variant,CTG,C,0.658,11,22,0/1,,ENST00000296604.8:c.1374_1375del,p.H458QfsTer32,RAN binding protein 3 like,,Q86VV4-1,0.2761194029850750,,,,TRUE,FALSE,,,,,,,FALSE,protein_coding,,0.0,,Q86VV4.153,,,0.0,0.988,0.0,FALSE,,33,ENST00000296604,,,,,,,HGNC:26353,rs1748463044,NM_145000.5,,ENSP00000296604,ENSG00000164188,,,,,HIGH,FALSE,,,FALSE,,14/14,
AHR,chr7,17339057,deletion,frameshift_variant,CTGTGTTGTATGAGGCAACCAACCCT,C,0.503,20,22,0/1,,ENST00000242057.9:c.1234_1258del,p.V412FfsTer4,,,,0.348235294117647,,,,TRUE,FALSE,,,,,,,FALSE,protein_coding,AHR,0.0,ENSG00000106546.14,P35869.228,,,1.0,0.393,0.0,FALSE,,42,ENST00000242057,1.0,,,,,,HGNC:348,,NM_001621.5,,ENSP00000242057,ENSG00000106546,,,,1.0,HIGH,FALSE,,,FALSE,,10/11,
NAPEPLD,chr7,103119885,insertion,frameshift_variant,C,CA,0.532,22,25,0|1,103119885.0,ENST00000465647.6:c.632dup,p.P212AfsTer6,N-acyl phosphatidylethanolamine phospholipase D,,,0.48,,,,TRUE,FALSE,,,,,,,FALSE,protein_coding,NAPEPLD,0.0,ENSG00000161048.12,Q6IQ20.155,,,0.06,0.474,0.0,FALSE,,47,ENST00000465647,1.0,,,,,,HGNC:21683,,NM_001122838.3,,ENSP00000419188,ENSG00000161048,,,,1.0,HIGH,FALSE,,,FALSE,,3/5,
ATP2B3,chrX,153550268,deletion,frameshift_variant,CAG,C,0.529,25,29,0/1,,ENST00000263519.5:c.1809_1810del,p.E603DfsTer63,ATPase plasma membrane Ca2+ transporting 3,ATPases Ca2+ transporting Cilia and flagella associated,Q16720-1,0.5373134328358210,,,,TRUE,FALSE,,,,,,,FALSE,protein_coding,ATP2B3,0.0,ENSG00000067842.18,Q16720.217,,,1.0,0.000758,0.0,FALSE,,54,ENST00000263519,1.0,,,,,,HGNC:816,,NM_001001344.3,,ENSP00000263519,ENSG00000067842,,,,1.0,HIGH,FALSE,,,FALSE,,12/22,